﻿"SEKeywordID","KeywordName","AdGroupID","KeywordID","Position","MatchType","DestinationURL"
"53236372710","lenovo service customer support","3048307","120533627","1.2751824847103","Broad","http://www.partnerinfo.lenovo.com/partners/us/services.shtml?cid=us:display:WOYPrf&dfaid=1"
"1710985445","lenovo service","3048309","120533635","1.12054794945129","Phrase","http://www.partnerinfo.lenovo.com/partners/us/services.shtml?cid=us:display:WOYPrf&dfaid=1"
"46017899184","thinkpad helix","3048312","120533655","1.02941176558242","Phrase","http://www.partnerinfo.lenovo.com/partners/us/products/thinkpad-helix.shtml?cid=us:display:WTszu&amp;dfaid=1"
"48277615607","lenovo helix laptop","3048318","120533713","1.06950355337021","Broad","http://www.partnerinfo.lenovo.com/partners/us/products/thinkpad-helix.shtml?cid=us:display:WTszu&amp;dfaid=1"
"53840156732","lenovo helix tablet","3048329","120533831","1.14379563296798","Broad","http://www.partnerinfo.lenovo.com/partners/us/products/thinkpad-helix.shtml?cid=us:display:WTszu&dfaid=1"
"45820778311","lenovo helix","3048331","120533843","1.01857142959322","Phrase","http://www.partnerinfo.lenovo.com/partners/us/products/thinkpad-helix.shtml?cid=us:display:WTszu&dfaid=1"
"53236387230","helix laptop","3048336","120533901","1.05416666766008","Phrase","http://www.partnerinfo.lenovo.com/partners/us/products/thinkpad-helix.shtml?cid=us:display:WTszu&dfaid=1"
"48277616567","thinkpad helix laptop","3048341","120533943","1.06928572143827","Broad","http://www.partnerinfo.lenovo.com/partners/us/products/thinkpad-helix.shtml?cid=us:display:WTszu&dfaid=1"
"30430561728","lenovo tablet 2","3048353","120534063","1.08333333995607","Broad","http://www.partnerinfo.lenovo.com/partners/us/products/thinkpad-tablet.shtml?cid=us:display:tgXvPQ&amp;dfaid=1"
"47987184576","lenovo thinkpad tablet 2","3048354","120534079","1.05902778191699","Broad","http://www.partnerinfo.lenovo.com/partners/us/products/thinkpad-tablet.shtml?cid=us:display:tgXvPQ&amp;dfaid=1"
"39929644847","thinkpad x230 laptops","3048356","120534092","1.14090909741142","Broad","http://www.partnerinfo.lenovo.com/partners/us/products/thinkpad-xseries.shtml?cid=us:display:UrOcdL&dfaid=1"
"1838963854","thinkpad x series laptop","3048359","120534102","1.12132353379446","Broad","http://www.partnerinfo.lenovo.com/partners/us/products/thinkpad-xseries.shtml?cid=us:display:UrOcdL&dfaid=1"
"43953482309","lenovo carbon x1 touch","3048360","120534105","1.14769231081009","Broad","http://www.partnerinfo.lenovo.com/partners/us/products/thinkpad-xseries.shtml?cid=us:display:UrOcdL&dfaid=1"
"41503167009","lenovo carbon x","3048362","120534113","1.11641791418417","Broad","http://www.partnerinfo.lenovo.com/partners/us/products/thinkpad-xseries.shtml?cid=us:display:UrOcdL&dfaid=1"
"18368889657","lenovo reseller program","3048381","120534196","1.21747572560912","Broad","http://www.partnerinfo.lenovo.com/partners/us/programs/programs.shtml?cid=us:display:I8Fr0e&amp;dfaid=1"
"53226107670","lenovo partner demo program","3048383","120534204","1.03009708876749","Broad","http://www.partnerinfo.lenovo.com/partners/us/programs/programs.shtml?cid=us:display:I8Fr0e&amp;dfaid=1"
"53227353270","lenovo solutions book","3048410","120534321","1.17319587579708","Broad","http://www.lenovosolutionscentre.com/?cid=us:display:RNz0fA&amp;dfaid=1"
"53227356630","lenovo solutions centre","3048428","120534405","1.01157024773684","Broad","http://www.lenovosolutionscentre.com/?cid=us:display:RNz0fA&dfaid=1"
"35420759561","lenovo solution center","3048430","120534413","1.07676056740989","Broad","http://www.lenovosolutionscentre.com/?cid=us:display:RNz0fA&dfaid=1"
"34641692688","lenovo quick pick","3048439","120534456","1.00559440692822","Broad","http://www.lenovoquickpick.com/?cid=us:display:3Yw7k&dfaid=1"
"53227338390","lenovo quick picks","3048439","120534457","1.01764705882353","Broad","http://www.lenovoquickpick.com/?cid=us:display:3Yw7k&dfaid=1"
"2048030767","lenovo business partner","3048455","120534569","1.36214285663196","Broad","http://www.partnerinfo.lenovo.com/partners/us/becomeapartner.shtml?cid=us:display:rBPFXF&amp;dfaid=1"
"2048031187","lenovo business partners","3048455","120534570","1.82301586582547","Broad","http://www.partnerinfo.lenovo.com/partners/us/becomeapartner.shtml?cid=us:display:rBPFXF&amp;dfaid=1"
"14834600","plantronics","3321322","129553796","1.55405406855248","Exact",""
"41166192621","Voyager Legend","3321673","129567768","1.30135135715072","Exact","http://www.plantronics.com/us/product/voyager-legend"
"41166193581","Plantronics Voyager Legend","3321673","129567776","1.2608108085555","Exact","http://www.plantronics.com/us/product/voyager-legend"
"25378834226","+plantronics +accessories","3321790","129574054","1.36477272754366","Broad",""
"28310367741","+plantronics +2.5mm +adapter","3321790","129574101","1.35492957477838","Broad",""
"12751691512","Plantronics Savi","3321882","129586028","2.06351349965946","Exact",""
"31809890781","plantronics com myheadset","3321896","129586126","1.00344827531398","Exact",""
"47578263621","plantronics com myheadset updater","3321896","129586129","1","Exact",""
"50009277381","Voyager Legend Manual","3321900","129586156","1","Exact",""
"35718027981","Plantronics BackBeat Go","3322127","129590024","1.37222222487132","Exact",""
"38128103541","BackBeat Go","3322127","129590032","1.17777779146477","Exact",""
"31836095301","GameCom 780","3322195","129591319","1","Exact","http://www.plantronics.com/valve/"
"3000000","Total Content Network","3352092","130828166","2.42857141721816","Content",""
"3000000","Total Content Network","3352096","130828256","2.20952378568195","Content",""
"3000000","Total Content Network","3352100","130828587","2.02380951245626","Content",""
"70272628074","Similar to UserListId: 2671914","3352135","130828831","1.23103449262422","Remarketing",""
"10688898336","nod32 business","3352187","130829533","1.50714285884585","Phrase","http://www.eset.com/us/business/products/antivirus/?CMP=KNC-g-ag&mkwid={ifsearch:s}{ifcontent:c}r9RzEtDN&pcrid={creative}&pmt={matchtype}&pkw={keyword}"
"11483691878","eset file security","3352193","130829576","1.12531645841236","Phrase","http://www.eset.com/us/business/products/?mkwid={ifsearch:s}{ifcontent:c}bPUmslTK&pcrid={creative}&pmt={matchtype}&pkw={keyword}%23%23tab=baptab-312?CMP=KNC-g-ag"
"12397647677","eset endpoint","3352195","130829586","1.28433734681233","Phrase","http://www.eset.com/us/business/products/security/?CMP=KNC-g-ag&mkwid={ifsearch:s}{ifcontent:c}ShX10CU9&pcrid={creative}&pmt={matchtype}&pkw={keyword}"
"12397657577","eset endpoint security","3352195","130829587","1.35294117506813","Phrase","http://www.eset.com/us/business/products/security/?CMP=KNC-g-ag&mkwid={ifsearch:s}{ifcontent:c}ShX10CU9&pcrid={creative}&pmt={matchtype}&pkw={keyword}"
"28697677769","+eset +business","3352196","130829604","1.13417722303656","Broad","http://www.eset.com/us/business/eset-for-business/?CMP=KNC-g-ag&mkwid={ifsearch:s}{ifcontent:c}oJjIIp7K&pcrid={creative}&pmt={matchtype}&pkw={keyword}"
"3000000","Total Content Network","3352214","130829952","-1","Content",""
"396604695","small business antivirus","3352218","130830129","4.14285711560931","Phrase","http://www.eset.com/us/business/smb/?mkwid={ifsearch:s}{ifcontent:c}gugxM388&pcrid={creative}&pmt={matchtype}&pkw={keyword}"
"817006388","small business antivirus software","3352218","130830161","7.24000002145767","Phrase","http://www.eset.com/us/business/smb/?mkwid={ifsearch:s}{ifcontent:c}WooVWB4B&pcrid={creative}&pmt={matchtype}&pkw={keyword}"
"3000000","Total Content Network","3352224","130830470","-1","Content",""
"21176373429","+endpoint +protection","3352224","130830541","2.61829269804606","Broad","http://www.eset.com/us/business/eset-for-business/?mkwid={ifsearch:s}{ifcontent:c}dFsw64Gr&pcrid={creative}&pmt={matchtype}&pkw={keyword}"
"6284415192","endpoint antivirus","3352230","130830914","1.27882352857029","Phrase","http://www.eset.com/us/business/eset-for-business/?mkwid={ifsearch:s}{ifcontent:c}sRmjnjdA&pcrid={creative}&pmt={matchtype}&pkw={keyword}"
"109340852","gateway security","3352231","130831114","3.7770115123398","Phrase","http://www.eset.com/us/business/products/?mkwid={ifsearch:s}{ifcontent:c}gAE6BQbm&pcrid={creative}&pmt={matchtype}&pkw={keyword}%23%23tab=baptab-312"
"41000446","file security software","3352234","130831197","2.24805194526524","Phrase","http://www.eset.com/us/business/products/?mkwid={ifsearch:s}{ifcontent:c}9sS2xduh&pcrid={creative}&pmt={matchtype}&pkw={keyword}%23%23tab=baptab-312"
"3000000","Total Content Network","3352235","130831272","-1","Content",""
"33434939731","windows 8 antivirus","3352316","130834296","1.06571429456983","Exact",""
"67600210067","windows 8 antivirus review 2013","3352316","130834306","1.8360000038147","Exact",""
"36368026","anti virus for linux","3352319","130834314","1.15185185273488","Exact",""
"37532256","anti virus linux","3352319","130834316","1.0769230723381","Exact",""
"87860657","linux anti virus","3352319","130834319","1.08518518783428","Exact",""
"14653313","windows antivirus","3352341","130834662","1.01851852293368","Exact",""
"11960792011","antivirus programs for windows 7","3352345","130834684","2","Exact",""
"12129051341","antivirus protection for windows 7","3352345","130834689","1.45","Exact",""
"13229585525","antivirus software for windows 7","3352345","130834723","1.75925924159862","Exact",""
"24278951818","download antivirus software for windows 7","3352345","130834886","1","Exact",""
"14653323","pc antivirus","3352356","130834940","1.78888888712283","Exact",""
"48326806","antivirus pc","3352356","130834941","1.47777777247959","Exact",""
"737784021","antivirus for pc","3352356","130834946","2.94444444444444","Exact",""
"71265628","mac antivirus software","3352360","130835555","3.97407407230801","Exact",""
"93088172","mac antivirus","3352360","130835567","3.38888887122825","Exact",""
"1119658600","virus protection free trial","3352476","130841130","1.97407407525145","Exact",""
"380688720","free trial anti virus","3352482","130841419","1.89113924020453","Exact",""
"261805890","trial antivirus","3352486","130841603","1.66046510879384","Exact",""
"583046469","antivirus free trial","3352486","130841607","1.52812501601875","Exact",""
"895633042","antivirus free trials","3352486","130841616","1.73809523525692","Exact",""
"895635952","free antivirus trial","3352486","130841619","1.61093750409782","Exact",""
"895720012","free trial antivirus","3352486","130841621","1.68235294959124","Exact",""
"1119813100","free antivirus trial download","3352486","130841624","1.4678571415799","Exact",""
"2363888232","antivirus free trial download","3352486","130841651","1.54210526483101","Exact",""
"14143416978","download free antivirus trial","3352486","130841766","2.35714285714286","Exact",""
"95514552","one time password","3352491","130841811","2.09277108491185","Phrase",""
"22095997488","+vpn +security","3352493","130841912","4.20344827366971","Broad",""
"513760069","multi factor authentication","3352496","130841974","4.90574714233135","Phrase",""
"97385584","2 factor authentication","3352499","130842020","6.33103446850831","Phrase",""
"55828048433","+2 +factor +auth","3352499","130842024","4.15555555437818","Broad",""
"24261728970","+two +factor +authentication","3352503","130842257","5.75977010014413","Broad",""
"318393826","smart security","3352520","130842462","1.91379310070783","Phrase",""
"4321690012","eset smart security","3352529","130842556","1.0011494255614","Exact",""
"24488135393","+eset +smart +security","3352544","130842862","1.24687499925494","Broad",""
"318398896","smart security","3352551","130842955","1.40919540120267","Exact",""
"5935388110","download eset smart security","3352555","130842983","1.00348837153856","Exact",""
"3398433735","eset smart security","3352575","130843124","1.20344829011237","Phrase",""
"12172133219","eset smart security 4","3352575","130843125","1.11234568666529","Phrase",""
"35863153869","eset smart security 6","3352575","130843135","1.02528736235081","Phrase",""
"4376544125","download eset nod32","3352585","130843368","1.00740740917347","Phrase",""
"15626649285","download antivirus eset nod32","3352588","130843420","1","Broad",""
"24431687765","nod32 eset antivirus download","3352588","130843436","2.30000001192093","Broad",""
"608349878","nod32 antivirus","3352600","130843720","1.16984127059815","Exact",""
"608350238","nod32 anti virus","3352600","130843721","1.04347826086957","Exact",""
"608350388","nod 32 anti virus","3352600","130843723","1","Exact",""
"5778092110","www nod32 com","3352602","130843756","1.32962961844456","Exact",""
"153413512","nod32 anti virus","3352648","130844336","1.32758620278589","Phrase",""
"449771309","nod32 antivirus","3352648","130844337","1.18815790822631","Phrase",""
"13431080421","nod32 eset download","3352688","130844998","1.05555555555556","Broad",""
"135682762","nod32","3352709","130845331","1.09310347047345","Phrase",""
"357731289","nod 32","3352709","130845332","1.08095239741462","Phrase",""
"1301397467","nod32 download","3352716","130845377","1.01954023317359","Exact",""
"2115428306","download nod32","3352716","130845381","1.02771084423525","Exact",""
"37742696","nod32","3352718","130845394","1.0034482766842","Exact",""
"60753108","nod 32","3352718","130845395","1.0022988511228","Exact",""
"5914818010","eset nod32 antivirus download","3352734","130845564","1","Exact",""
"31744420653","+nod32 +download +eset","3352755","130845835","1.05999999940395","Broad",""
"608350148","eset nod32 antivirus","3352758","130845872","1.0034482766842","Exact",""
"2333561286","eset nod antivirus","3352758","130845875","1","Exact",""
"7703757100","nod eset antivirus","3352758","130845896","1.03846153846154","Exact",""
"23805756816","enod","3352766","130846017","1.57792207327756","Phrase",""
"608349938","eset nod32 antivirus","3352772","130846028","1.09342107176781","Phrase",""
"67817674547","eset review nod32","3352782","130846204","1.05000001192093","Broad",""
"409556569","node32","3352799","130846476","1.06551724740829","Exact",""
"1815079838","mod32","3352799","130846477","1.20181818008423","Exact",""
"2764709211","esetnod32","3352799","130846479","1.07209302658258","Exact",""
"4657129455","eset32","3352799","130846487","1.02647058753406","Exact",""
"5804848090","esetnod","3352799","130846489","1.44864864768209","Exact",""
"67817398427","nod 32 security eset","3352800","130846510","2.38571429252625","Broad",""
"31222207649","renew nod32","3352802","130846606","-1","Phrase",""
"3609391132","eset nod32 download","3352815","130847077","1.00804597755958","Exact",""
"4307641710","download eset nod32","3352815","130847078","1","Exact",""
"5914817050","download eset nod 32","3352815","130847080","1","Exact",""
"437380536","eset nod32","3352816","130847096","1.11558444159372","Phrase",""
"520095279","eset nod","3352818","130847105","1.0011494255614","Exact",""
"608350538","eset nod 32","3352818","130847107","1.00470588207245","Exact",""
"5771067010","nod eset","3352818","130847110","1.01999999915852","Exact",""
"2764700871","nod32 renewal","3352821","130847193","1.30540540411666","Exact",""
"3188220489","nod32 eset antivirus","3352822","130847212","1.07500001043081","Broad",""
"2743312180","esset","3352825","130847356","1.25402299152024","Phrase",""
"715917486","eset","3352828","130847380","1.14137933994162","Phrase",""
"5764474210","eset virus","3352829","130847385","1","Exact",""
"2764708371","eset renewal","3352831","130847392","1.00243902497175","Exact",""
"703974276","eset","3352832","130847401","1","Exact",""
"2394911636","e-set","3352832","130847402","1.2160919534749","Exact",""
"24739302916","download antivirus eset","3352837","130847426","1","Phrase",""
"2394928196","eset.com","3352839","130847439","1","Exact",""
"2394930896","www eset com","3352839","130847440","1","Exact",""
"5399798312","eset security","3352840","130847445","1.0011494255614","Exact",""
"2764709391","eset download","3352841","130847454","1","Exact",""
"5889790270","eset online scan","3352842","130847464","1.07468354852894","Exact",""
"5889790450","eset online scanner","3352842","130847465","1.2802469112255","Exact",""
"6367785025","eset security","3352845","130847482","1.18045977751414","Phrase",""
"1204243872","esset","3352848","130847511","1.0045977022456","Exact",""
"5231216770","esest","3352848","130847515","1","Exact",""
"2333560626","eset antivirus","3352850","130847531","1.0080459789298","Exact",""
"4851548912","eset anti virus","3352850","130847533","1","Exact",""
"46123757700","eset antivirus 6","3352850","130847541","1","Exact",""
"19970541136","eset family security pack","3352853","130847555","1.00117647086873","Exact",""
"21041462530","eset cybersecurity for mac","3352857","130847581","1.0182926843806","Phrase",""
"2451169038","eset coupon","3352865","130847667","1.02261905017353","Phrase",""
"3015812547","nod32 free trial","3352866","130847675","1","Exact",""
"5889748570","eset nod32 trial","3352866","130847676","1","Exact",""
"5889788890","nod32 trial","3352866","130847677","1","Exact",""
"3997919227","eset trial","3352868","130847683","1","Exact",""
"30125627022","eset free trial","3352868","130847684","1","Exact",""
"36128962","mac virus protection","3352360","130867006","3.79999998763756","Exact",""
"67687688","antivirus for mac","3352360","130867008","3.15555556615194","Exact",""
"67688328","antivirus software for mac","3352360","130867009","4.28518518695125","Exact",""
"103463028","virus protection for mac","3352360","130867011","5.05185189070525","Exact",""
"22636533","antivirus program","3353495","130867142","1.6153846016297","Exact",""
"29958230","antivirus programs","3353495","130867147","2.25769230494132","Exact",""
"2053931926","whats the best antivirus software","3353497","130867167","5.04848485281973","Phrase",""
"18258301606","+download +antivirus +software","3353499","130867185","2","Broad",""
"18258302326","+download +antivirus","3353499","130867188","1.9538461290873","Broad",""
"67844024147","+anti virus +download","3353499","130867196","2.53846155221646","Broad",""
"138223313","antivir","3353500","130867209","1.18461538736637","Phrase",""
"18258248926","+antivirus +software","3353502","130867260","3.44615384707084","Broad",""
"18258249286","+software +antivirus","3353502","130867261","3.35769233336815","Broad",""
"27982740956","+antivirus +for +computer","3353506","130867331","3.2478260786637","Broad",""
"59892541","best anti virus software","3353508","130867374","4.84242425362269","Exact",""
"59892581","best antivirus software","3353508","130867375","3.95217391891756","Exact",""
"74124748","what is the best antivirus software","3353508","130867376","4.09420289855072","Exact",""
"17358831","antivir","3353511","130867412","1","Exact",""
"32304234691","+antivirus +programs +best","3353514","130867427","4.87619047127073","Broad",""
"30524480","+antivirus","3353517","130867483","3.79999997982612","Broad",""
"20897335394","+anti virus","3353517","130867484","5.07307690840501","Broad",""
"15003083","antivirus download","3353518","130867486","1.0076923095263","Exact",""
"23757923","download antivirus","3353518","130867491","1.11153847896136","Exact",""
"23757933","download anti virus","3353518","130867492","1.08846154579749","Exact",""
"23758503","antivirus downloads","3353518","130867493","1.56153846245546","Exact",""
"28103520","anti virus download","3353518","130867495","1.02692307875707","Exact",""
"15002923","antivirus software","3353520","130867521","3.51153845053453","Exact",""
"23758133","software anti virus","3353520","130867523","1.51428571769169","Exact",""
"15648333","anti virus","3353524","130867578","2.59615385532379","Phrase",""
"21283941","antivirus","3353524","130867579","2.36818182468414","Phrase",""
"18258152086","+antivirus +best","3353526","130867606","3.74218751862645","Broad",""
"21182800352","+best +antivirus","3353526","130867607","4.12463769532632","Broad",""
"22424211586","+the +best +antivirus","3353526","130867608","3.85223878497508","Broad",""
"28903806374","+best +anti virus","3353526","130867610","4.4047619388217","Broad",""
"67844023667","+anti virus +best","3353526","130867613","4.64057971429134","Broad",""
"3266188308","antivirus top rated","3353529","130867658","1.78571428571429","Phrase",""
"4547202403","antivirus software top rated","3353529","130867664","1","Phrase",""
"15034720","anti virus","3353532","130867702","2.47692305766619","Exact",""
"19312841","antivirus","3353532","130867703","3.50454543937336","Exact",""
"26451062","best antivirus","3353533","130867706","3.96956519804139","Phrase",""
"157579821","what is the best antivirus","3353533","130867709","3.93333335717519","Phrase",""
"419874081","the best antivirus","3353533","130867711","3.61739130296569","Phrase",""
"769258920","top 10 antivirus","3353536","130867779","2.44347826294277","Exact",""
"817006988","top 10 antivirus software","3353536","130867781","2.05362317700317","Exact",""
"901050362","top rated antivirus","3353536","130867789","3.55072463595349","Exact",""
"15002883","best antivirus","3353543","130867905","4.69710145825925","Exact",""
"26962730","best anti virus","3353543","130867906","3.81594204211581","Exact",""
"95314538","the best antivirus","3353543","130867909","4.21159419806107","Exact",""
"26450782","antivirus programs","3353547","130868019","2.34615385990876","Phrase",""
"37438261","antivirus program","3353547","130868021","2.29615384798784","Phrase",""
"1794419780","nod32 antivirus download","3353550","130868047","1.00468749925494","Exact",""
"2593933031","nod antivirus download","3353550","130868048","1","Exact",""
"520099479","nod antivirus","3352600","130868102","1.00476190589723","Exact",""
"1794424850","nod32 antivirus download","3353557","130868244","1.12222222487132","Phrase",""
"18258138406","+nod32 +antivirus","3353560","130868308","1.23928571740786","Broad",""
"6456454203","security nod32","3352658","130868357","3.70666669209798","Broad",""
"5771060890","nod32 internet security","3353564","130868427","1.08478261076886","Exact",""
"1845913502","virus nod32","3353565","130868442","1.87777776188321","Broad",""
"172661942","nod","3352709","130868499","2.27558138620022","Phrase",""
"329552178","nod","3352718","130868502","1.02790698201157","Exact",""
"940067036","anti virus nod32","3352727","130868538","4.5181818225167","Broad",""
"67843954907","+online +scan +nod","3353570","130868585","1.30555555555556","Broad",""
"4295786010","download nod","3352748","130868591","1.04000000059605","Phrase",""
"27270052062","+download +nod32","3353574","130868646","1.08433736088764","Broad",""
"28303201422","+nod32 +download","3353574","130868649","1.1023529473473","Broad",""
"72990147","nod 32","3352806","130868690","1.31111109919018","Broad",""
"19810771441","+nod32","3353580","130868721","1.13372096211411","Broad",""
"23343621564","+nod +32","3353580","130868723","1.05697675777036","Broad",""
"5864472790","nod32 online scan","3353581","130868761","1.0797468378574","Exact",""
"5952907510","nod32 online scanner","3353581","130868762","1.01518987703927","Exact",""
"12271092098","anti virus eset","3352826","130868791","2.38571429252625","Broad",""
"1617969465","eset 32","3352828","130868817","1.04285714378605","Phrase",""
"48055285715","eset 6","3352828","130868822","1.06582278390474","Phrase",""
"31744830693","+eset +anti +virus","3353584","130868830","2.01315789473684","Broad",""
"28003106579","eset 5","3352832","130868849","1.00416666600439","Exact",""
"5804849350","eset security download","3352840","130868906","1","Exact",""
"5889748210","eset virus scan","3352842","130868916","1.00263157957479","Exact",""
"21890010062","+eset","3353592","130868976","1.23529414148892","Broad",""
"67833356747","+eset 3","3353592","130868981","1.42941176657583","Broad",""
"67833357107","+eset 7","3353592","130868984","1.11066667397817","Broad",""
"67833357827","+security +eset","3353594","130869015","1.35588235188933","Broad",""
"141658815","popup removal","3359081","131092716","1.52982456224007","Phrase","http://www.eset.com/us/protection/popups/?CMP=knc-gnb-remove"
"35669266570","esetonlinescanner","3352842","131145842","1.01016948990903","Exact",""
"53012106861","Plantronics BackBeat Go 2","3362366","131181955","1.05000000971335","Exact",""
"53013269181","+Plantronics +Backbeat +Go +2","3362366","131181956","1.27592594314505","Broad",""
"53013269421","Backbeat Go 2","3362366","131181958","1.25000000883032","Phrase",""
"53013269661","BackBeat Go 2","3362366","131181960","1.0481481552124","Exact",""
"4499997997","Wireless Earbuds","3362372","131182009","1.65740741623773","Exact",""
"95314378","windows xp antivirus","3363437","131212175","1.01111111376021","Exact",""
"120315819","anti virus for linux","3378190","131995766","1.47727270559831","Phrase",""
"2573857375","antivirus for ubuntu","3378191","131995780","1.37727272510529","Phrase",""
"5462623601","antivirus ubuntu","3378191","131995782","1.14545455304059","Phrase",""
"157533724","xp antivirus","3378193","131995918","1.16818182034926","Phrase",""
"15651623","windows antivirus","3378194","131995934","1.94090908765793","Phrase",""
"15651593","pc antivirus","3378195","131995939","1.92272727597844","Phrase",""
"822570761","antivirus for pc","3378195","131995943","2.42727270451459","Phrase",""
"2909957258","antivirus software for windows vista","3378196","131995971","2.79000000953674","Exact",""
"2410907114","antivirus for apple","3378197","131996015","1.78095236278716","Phrase",""
"100901510","antivirus mac","3378198","131996057","2.49090909957886","Phrase",""
"101906152","antivirus for mac","3378198","131996058","4.79090911691839","Phrase",""
"101906192","mac antivirus","3378198","131996059","2.85909090258858","Phrase",""
"133068398","mac antivirus program","3378198","131996067","3.22222222222222","Phrase",""
"833497488","os x antivirus","3378198","131996074","1.55909091234207","Phrase",""
"2113750469","osx antivirus","3378198","131996079","1.70476190249125","Phrase",""
"2909951738","antivirus software for windows vista","3378199","131996133","7.16666666666667","Phrase",""
"6449573560","antivirus protection for windows vista","3378199","131996140","4","Phrase",""
"42608534939","windows 8 antivirus","3378200","131996177","1.22615384872143","Phrase",""
"68194321067","+best +anti +virus +software","3353489","131996231","5.65357143538339","Exact",""
"3131049250","esnet","3352825","131996233","1.21969697692178","Phrase",""
"3126610450","esnet","3352848","131996234","1.00151515187639","Exact",""
"10659026250","windows 7 antivirus","3352345","132117365","1.02105263659829","Exact",""
"12129047561","antivirus for windows 7","3352345","132117368","1.10526317044308","Exact",""
"38078759723","antivirus for windows 8","3352316","132117371","1.3532258079898","Exact",""
"39702047236","anti virus for windows 8","3352316","132117375","1.16229508548486","Exact",""
"39702048676","anti virus windows 8","3352316","132117376","1.05932203187781","Exact",""
"42875735229","antivirus protection for windows 8","3352316","132117385","1.1517241371089","Exact",""
"47510374895","antivirus windows 8","3352316","132117388","1.16612903725716","Exact",""
"68247267347","windows 8.1 antivirus","3352316","132117419","1.20322580875889","Exact",""
"10659012840","windows 7 antivirus","3378192","132117422","1.23684211153733","Phrase",""
"12378835182","antivirus for windows 7","3378192","132117424","1.49999999372583","Phrase",""
"31982479973","antivirus for windows 8","3378200","132117443","1.35322580029888","Phrase",""
"39703289596","antivirus windows 8","3378200","132117444","1.25161290168762","Phrase",""
"39703297876","antivirus program for windows 8","3378200","132117450","1.1852941162446","Phrase",""
"103484848","virus protection mac","3404129","132787228","3.43333334582193","Exact",""
"23659273","anti virus protection software","3352431","132787271","3.32399999856949","Exact",""
"13775351825","virus protection for windows 7","3404131","132787302","3.79199998855591","Phrase",""
"39703301476","virus protection windows 8","3404131","132787308","2.0076923095263","Phrase",""
"14387263","windows virus protection","3404134","132787340","1.88181818181818","Exact",""
"49606301","virus protection software","3404137","132787400","4.70625004172325","Phrase",""
"132827217","anti virus protection software","3404137","132787402","3","Phrase",""
"11255642","pc virus protection","3404146","132787555","2.16363636363636","Exact",""
"13224613684","90 days antivirus trial","3352486","132787613","1.18888889639466","Exact",""
"52000566178","+antivirus +trial","3352486","132787614","1.09814815168028","Exact",""
"68406834227","+anti +virus +trial","3404150","132787645","1.19285713774817","Phrase",""
"26450952","free trial antivirus","3404151","132787647","1.15490196732914","Phrase",""
"548737475","antivirus software trial","3404151","132787650","1.42105262844186","Phrase",""
"583049139","antivirus free trial","3404151","132787651","1.17000000715256","Phrase",""
"729318198","trial antivirus","3404151","132787653","1.18888890522498","Phrase",""
"8779786421","free antivirus 30 day trial","3404151","132787670","1","Phrase",""
"68406834347","+antivirus +trial","3404151","132787676","1.19814816227666","Phrase",""
"1109733400","free trial virus protection","3404153","132787687","1.15263158396671","Phrase",""
"407994835","top anti virus","3353536","133083992","5.2962264204925","Exact",""
"675401242","top antivirus","3353536","133083993","2.84528302471593","Exact",""
"4260802914","pci compliance checklist","3410211","133083997","4.08222222858005","Exact",""
"71183826114","Similar to UserListId: 2660754","3352133","133202079","1.07400000572205","Remarketing",""
"36455023719","Lenovo X1 Carbon laptop","3412904","133490025","1.12307693408086","Broad",""
"62010378030","Lenovo X1 Carbon laptops","3412904","133490026","1.08918920078793","Broad",""
"62010377070","Lenovo Carbon ultrabook","3412905","133490030","1.11282051220918","Broad",""
"62010375870","Lenovo Carbon laptop","3412906","133490033","1.23333334311461","Broad",""
"62010375990","Lenovo Carbon laptops","3412906","133490034","1.19210526817723","Broad",""
"41270752393","Lenovo X1 Carbon","3412914","133490082","1.08717950490805","Broad",""
"1590232811","lenovo thinkcentre desktop","3412932","133490179","1.10740742860017","Broad",""
"2148590354","lenovo thinkcenter desktop","3412932","133490181","1.02962963227873","Broad",""
"1467657725","lenovo thinkcentre","3412938","133490203","1.06666667814608","Phrase",""
"58155997163","thinkcentre m93p","3412941","133490213","1.01851851851852","Broad",""
"12271756566","lenovo thinkservers","3412990","133490457","1.13750000298023","Phrase",""
"12660471","software firewall","3423457","135068543","-1","Exact",""
"26450792","antivirus protection","3423461","135068585","2.83199998855591","Phrase",""
"64268171","anti virus protection","3423461","135068586","2.57599998474121","Phrase",""
"25125923","antivirus protection","3423462","135068590","4.57199997901917","Exact",""
"25125943","protection antivirus","3423462","135068591","3.13636363636364","Exact",""
"28103480","anti virus protection","3423462","135068593","2.15200000286102","Exact",""
"74047928","virus protection reviews","3444529","136457354","-1","Exact",""
"155001391","best virus protection","3460641","137580430","8.90000001907349","Phrase",""
"5355433587","best antivirus for xp","3460643","137580579","1.57142857142857","Phrase",""
"12698501","virus protection","3352425","137582027","2.9439999961853","Exact",""
"17892252","virus protection","3404138","137582093","3.65599999427795","Phrase",""
"22632195660","eset cybersecurity","3460668","137582144","1.30526314911089","Exact",""
"22632514500","eset cyber security","3460668","137582145","1.08800000190735","Exact",""
"43814642443","eset cybersecurity pro","3460669","137582154","1","Exact",""
"5889786850","nod32 for mac","3460670","137582160","1","Exact",""
"5889791050","eset for mac","3460670","137582162","1","Exact",""
"6245333042","eset promo code","3460673","137582201","1.02083333333333","Exact",""
"69658299227","smart security eset 4 antivirus","3352517","138413754","-1","Phrase",""
"69658300187","smart security eset antivirus","3352517","138413762","-1","Phrase",""
"11423970584","smart security 4","3352520","138413820","1.07692308609302","Phrase",""
"29402847352","smart security 5","3352520","138413821","1.1384615623034","Phrase",""
"37334799646","smart security 6","3352520","138413823","1.03846154763148","Phrase",""
"37334800246","smart security 7","3352520","138413824","1.10000002384186","Phrase",""
"25552688110","eset smart security 5","3352529","138413910","1","Exact",""
"30477413099","eset smart security 6","3352529","138413911","1","Exact",""
"37391647980","eset smart security 7","3352529","138413913","1","Exact",""
"25871123025","+smart +security","3471720","138413950","3.84615380947406","Broad",""
"3398617935","eset smart security download","3471722","138414023","1","Exact",""
"55237749861","eset smart security 7","3352575","138414065","1.11538462455456","Phrase",""
"11942549989","eset deals","3460673","138889073","1","Exact",""
"26052470297","best antivirus 2014","3353543","139005315","5.05000019073486","Exact",""
"26052470417","best antivirus 2013","3353543","139005316","5.40000009536743","Exact",""
"270192929","best antivirus protection","3460641","139005320","7.75","Broad",""
"27956167608","best antivirus program 2013","3353514","139005322","5.44999980926514","Broad",""
"27956167848","best antivirus program 2014","3353514","139005323","5.29999995231628","Broad",""
"69788751467","+nod32 +promo +code","3460675","139005388","1","Broad",""
"26222667961","+eset +offer","3460676","139005392","-1","Broad",""
"26222671681","+eset +discount +code","3460676","139005393","1","Broad",""
"26222671921","+eset +deals","3460676","139005394","1.14999997615814","Broad",""
"26222672641","+eset +discount","3460676","139005395","1","Broad",""
"26222674201","+eset +promo +code","3460676","139005397","1.29999995231628","Broad",""
