﻿"SEKeywordID","KeywordName","AdGroupID","KeywordID","Position","MatchType","DestinationURL"
"53236372710","lenovo service customer support","3048307","120533627","1.32831858639169","Broad","http://www.partnerinfo.lenovo.com/partners/us/services.shtml?cid=us:display:WOYPrf&dfaid=1"
"1710985445","lenovo service","3048309","120533635","1.14016393853016","Phrase","http://www.partnerinfo.lenovo.com/partners/us/services.shtml?cid=us:display:WOYPrf&dfaid=1"
"46017899184","thinkpad helix","3048312","120533655","1.03482142942292","Phrase","http://www.partnerinfo.lenovo.com/partners/us/products/thinkpad-helix.shtml?cid=us:display:WTszu&amp;dfaid=1"
"48277615607","lenovo helix laptop","3048318","120533713","1.06837607347048","Broad","http://www.partnerinfo.lenovo.com/partners/us/products/thinkpad-helix.shtml?cid=us:display:WTszu&amp;dfaid=1"
"53840156732","lenovo helix tablet","3048329","120533831","1.14159293195843","Broad","http://www.partnerinfo.lenovo.com/partners/us/products/thinkpad-helix.shtml?cid=us:display:WTszu&dfaid=1"
"45820778311","lenovo helix","3048331","120533843","1.02241379433665","Phrase","http://www.partnerinfo.lenovo.com/partners/us/products/thinkpad-helix.shtml?cid=us:display:WTszu&dfaid=1"
"53236387230","helix laptop","3048336","120533901","1.06326530660902","Phrase","http://www.partnerinfo.lenovo.com/partners/us/products/thinkpad-helix.shtml?cid=us:display:WTszu&dfaid=1"
"53236366830","lenovo helix laptops","3048344","120533973","1.21140351630094","Broad","http://www.partnerinfo.lenovo.com/partners/us/products/thinkpad-helix.shtml?cid=us:display:WTszu&dfaid=1"
"30430561728","lenovo tablet 2","3048353","120534063","1.08333333730698","Broad","http://www.partnerinfo.lenovo.com/partners/us/products/thinkpad-tablet.shtml?cid=us:display:tgXvPQ&amp;dfaid=1"
"47987184576","lenovo thinkpad tablet 2","3048354","120534079","1.06250000298023","Broad","http://www.partnerinfo.lenovo.com/partners/us/products/thinkpad-tablet.shtml?cid=us:display:tgXvPQ&amp;dfaid=1"
"51895683270","lenovo thinkpad tablet 2 accessories","3048354","120534080","1.04086021582286","Broad","http://www.partnerinfo.lenovo.com/partners/us/products/thinkpad-tablet.shtml?cid=us:display:tgXvPQ&amp;dfaid=1"
"41503167009","lenovo carbon x","3048362","120534113","1.12909091169184","Broad","http://www.partnerinfo.lenovo.com/partners/us/products/thinkpad-xseries.shtml?cid=us:display:UrOcdL&dfaid=1"
"40119014643","lenovo thinkpad twist laptop","3048363","120534117","1.10000000842686","Broad","http://www1.partnerinfo.lenovo.com/partners/us/products/thinkpad-twist.shtml?cid=us:display:Oi5LBb&amp;dfaid=1"
"43326545345","lenovo twist","3048364","120534120","1.06324786406297","Phrase","http://www1.partnerinfo.lenovo.com/partners/us/products/thinkpad-twist.shtml?cid=us:display:Oi5LBb&dfaid=1"
"49953477793","lenovo twist specs","3048364","120534121","1.07000000151721","Broad","http://www1.partnerinfo.lenovo.com/partners/us/products/thinkpad-twist.shtml?cid=us:display:Oi5LBb&dfaid=1"
"51624558104","lenovo thinkpad twist","3048365","120534130","1.05217391615329","Broad","http://www1.partnerinfo.lenovo.com/partners/us/products/thinkpad-twist.shtml?cid=us:display:Oi5LBb&dfaid=1"
"53240763630","thinkpad twist convertible laptop","3048366","120534138","1.08461538848714","Broad","http://www1.partnerinfo.lenovo.com/partners/us/products/thinkpad-twist.shtml?cid=us:display:Oi5LBb&dfaid=1"
"46750074407","thinkpad twist tablet","3048368","120534144","1.20350877966797","Broad","http://www1.partnerinfo.lenovo.com/partners/us/products/thinkpad-twist.shtml?cid=us:display:Oi5LBb&dfaid=1"
"51625105904","thinkpad twist","3048373","120534160","1.04444444587088","Phrase","http://www1.partnerinfo.lenovo.com/partners/us/products/thinkpad-twist.shtml?cid=us:display:Oi5LBb&dfaid=1"
"11296272847","lenovo new customer bonus","3048375","120534171","1.06375000178814","Broad","http://www.partnerinfo.lenovo.com/partners/us/programs/programs.shtml?cid=us:display:I8Fr0e&amp;dfaid=1"
"16508829576","lenovo partner program","3048376","120534179","1.18240001296997","Broad","http://www.partnerinfo.lenovo.com/partners/us/programs/programs.shtml?cid=us:display:I8Fr0e&amp;dfaid=1"
"18368889657","lenovo reseller program","3048381","120534196","1.2182926811823","Broad","http://www.partnerinfo.lenovo.com/partners/us/programs/programs.shtml?cid=us:display:I8Fr0e&amp;dfaid=1"
"53226107670","lenovo partner demo program","3048383","120534204","1.03580247031318","Broad","http://www.partnerinfo.lenovo.com/partners/us/programs/programs.shtml?cid=us:display:I8Fr0e&amp;dfaid=1"
"53227353270","lenovo solutions book","3048410","120534321","1.20740740681872","Broad","http://www.lenovosolutionscentre.com/?cid=us:display:RNz0fA&amp;dfaid=1"
"53227353510","lenovo solutions center","3048419","120534364","1.12521008583678","Broad","http://www.lenovosolutionscentre.com/?cid=us:display:RNz0fA&amp;dfaid=1"
"53227356630","lenovo solutions centre","3048428","120534405","1.01443298944493","Broad","http://www.lenovosolutionscentre.com/?cid=us:display:RNz0fA&dfaid=1"
"35420759561","lenovo solution center","3048430","120534413","1.09237288620512","Broad","http://www.lenovosolutionscentre.com/?cid=us:display:RNz0fA&dfaid=1"
"34641692688","lenovo quick pick","3048439","120534456","1.00672269067844","Broad","http://www.lenovoquickpick.com/?cid=us:display:3Yw7k&dfaid=1"
"53227338390","lenovo quick picks","3048439","120534457","1.01666666732894","Broad","http://www.lenovoquickpick.com/?cid=us:display:3Yw7k&dfaid=1"
"2048031187","lenovo business partners","3048455","120534570","1.9390476113274","Broad","http://www.partnerinfo.lenovo.com/partners/us/becomeapartner.shtml?cid=us:display:rBPFXF&amp;dfaid=1"
"14834480","Plantronics Headsets","3321307","129552066","2.92758619785309","Exact",""
"23856853","plantronics wireless headset","3321307","129552067","3.20172413875317","Exact",""
"368082952","Plantronics headset","3321307","129552069","2.69137931692189","Exact",""
"24263020","plantronics","3321310","129552093","2.52931033742839","Phrase",""
"18542051181","plantronics com","3321310","129552187","1.12978723708619","Phrase",""
"24991580333","+planetronics","3321310","129552193","2.33965517529126","Broad",""
"142360381","plantronics com","3321316","129552416","1.04827587357883","Phrase",""
"1028020049","plantronics website","3321316","129552420","1.05400000095367","Exact",""
"10073837091","plantronic com","3321316","129552426","1.21454545151104","Phrase",""
"14834600","plantronics","3321322","129553796","1.57931036373665","Exact",""
"50035193","plantronics.com","3321322","129553818","1.0034482766842","Exact",""
"295583310","www plantronics com","3321322","129553839","1.0086206917105","Exact",""
"49861885499","voyager legend uc b235","3321668","129567673","1.25161290168762","Exact",""
"8254179464","Plantronics discovery 925","3321669","129567676","1.3517241334093","Exact",""
"12363363295","plantronics m100","3321670","129567682","1.78448274423336","Exact",""
"21126519528","plantronics m100","3321670","129567683","1.19655173194819","Phrase",""
"40601937924","plantronics m55","3321672","129567755","2.39137929266897","Exact",""
"41165133141","Voyager Legend","3321673","129567757","1.4344827388895","Phrase","http://www.plantronics.com/us/product/voyager-legend"
"41165134101","Plantronics Voyager Legend","3321673","129567764","1.27586207924218","Phrase","http://www.plantronics.com/us/product/voyager-legend"
"41166192621","Voyager Legend","3321673","129567768","1.37413793596728","Exact","http://www.plantronics.com/us/product/voyager-legend"
"41166193581","Plantronics Voyager Legend","3321673","129567776","1.25517241297097","Exact","http://www.plantronics.com/us/product/voyager-legend"
"42253748600","Plantronics Legend","3321673","129567781","1.04482759072863","Exact",""
"22545320426","plantronics voyager pro+ bluetooth headset","3321674","129567807","1.21153845695349","Exact",""
"23001915696","plantronics m1100","3321677","129567910","1.32931034523865","Exact",""
"4106471464","marque 2","3321678","129567965","1.98448273847843","Phrase",""
"8380295137","marque 2","3321678","129567966","1.12931034688292","Exact",""
"29124156141","marque bluetooth","3321678","129567968","1.27758620936295","Phrase",""
"41244807621","plantronics marque 2","3321678","129567969","1.16724139863047","Exact",""
"41244914541","plantronics marque 2","3321678","129567973","1.36034483334114","Phrase",""
"42598081101","Plantronics Marque 2 m165","3321678","129567976","1.78771929991873","Exact",""
"42598686501","marque 2 m165","3321678","129567977","2.41379309111628","Exact",""
"24048385097","plantronics Voyager Pro","3321679","129567983","1.23448276930842","Exact",""
"28620351257","Plantronics Voyager Pro HD","3321679","129567986","1.86379310385934","Exact",""
"29190165501","+voyager +pro +hd","3321679","129567991","1.51551724096824","Broad",""
"29190165621","+voyager +hd","3321679","129567992","1.85294117647059","Broad",""
"29190358101","voyager pro hd","3321679","129567993","2.40689653363721","Exact",""
"29190406941","85690-01","3321679","129567994","3.13953488094862","Phrase",""
"20910518607","plantronics k100","3321680","129568006","1.57931034318332","Exact",""
"26871620746","plantronics k100 bluetooth","3321680","129568011","2.42857142857143","Exact",""
"29176673725","plantronics m20","3321684","129568075","1.2684210580692","Phrase",""
"31268162965","Plantronics M20 Bluetooth Headset","3321684","129568077","2.00625000149012","Exact",""
"12804357349","79800-01","3321685","129568087","1.93333333068424","Phrase",""
"29604864621","plantronics +Voyager +PRO bluetooth","3321685","129568100","2.92586206567699","Broad",""
"2449086682","voyager 520","3321686","129568102","1.16222222116258","Exact",""
"5277459167","plantronics voyager 520","3321686","129568103","1.54827586124683","Exact",""
"904880722","plantronics voyager","3321687","129568106","1.2551724211923","Exact",""
"1079498208","plantronics voyager","3321687","129568107","1.69137931075589","Phrase",""
"2973601710","voyager headset","3321687","129568112","1.83725489588345","Exact",""
"19731791619","+voyager +headset","3321687","129568118","1.34310344580946","Broad",""
"19731794259","+plantronics +voyager","3321687","129568119","2.12931034071692","Broad",""
"28354402417","+voyager +bluetooth","3321687","129568121","1.81551724261251","Broad",""
"29124523701","+plantronics +voyager headset","3321687","129568122","1.85344825941941","Broad",""
"39469023","plantronics bluetooth","3321689","129568128","3.27058821565965","Exact",""
"39469133","plantronics bluetooth headset","3321689","129568129","2.37413791130329","Exact",""
"39469533","bluetooth headset plantronics","3321689","129568130","1.14642856802259","Exact",""
"111619682","plantronics bluetooth headset","3321689","129568135","1.66190475225449","Phrase",""
"22397056900","+plantronics +bluetooth +headset","3321689","129568144","3.40517241790377","Broad",""
"36383446346","plantronics m25","3321692","129568236","1.41724137807715","Exact",""
"42937521141","Plantronics Voyager Legend UC","3321697","129568326","1.28620690107346","Exact","http://www.plantronics.com/us/product/voyager-legend-uc"
"42937523301","Voyager Legend UC","3321697","129568333","1.75689654103641","Exact","http://www.plantronics.com/us/product/voyager-legend-uc"
"31552825384","plantronics m50 bluetooth headset","3321698","129568395","1.69482759360609","Exact",""
"28961695341","+plantronics +m155","3321701","129568513","1.99655171920513","Broad",""
"28961937141","plantronics marque m155","3321701","129568514","1.82413791788035","Exact",""
"28982933301","+plantronics +marque +m155","3321701","129568519","1.73620689737386","Broad",""
"28983148701","plantronics m155","3321701","129568521","1.66206896305084","Exact",""
"33306391821","Plantronics m50","3321705","129568578","1.66379308906095","Exact",""
"3904374862","Plantronics Calisto","3321709","129568635","1.47068965640561","Exact",""
"29570849183","Plantronics Blackwire 620","3321715","129569139","1.03030303030303","Exact",""
"31891768221","Plantronics Blackwire c620","3321715","129569142","1.00877192982456","Exact",""
"31892091861","Plantronics Blackwire 610","3321717","129569155","1.07894736842105","Exact",""
"45527191341","Plantronics blacktop 500","3321720","129569297","1.01428571343422","Exact",""
"45527192061","blacktop 500 headset","3321720","129569303","1.02777777777778","Exact",""
"7279692675","plantronics supraplus hw261n","3321726","129569504","1.1105263191357","Exact",""
"29344608981","blackwire c435","3321728","129569543","1.15283018463063","Phrase",""
"23087437346","Plantronics Blackwire","3321731","129569784","1.09482759237289","Exact",""
"32201569221","Plantronics s12 Headset","3321732","129569791","4.76000001213767","Exact",""
"32201569341","Plantronics s12","3321732","129569792","2.24999998561267","Exact",""
"32145488781","Plantronics t20","3321733","129569798","1.02982456224007","Exact",""
"44068977861","Plantronics Calisto 620","3321735","129569844","1.29298245070273","Exact",""
"90777068","cs 70","3321737","129569982","3.37192983376352","Exact",""
"596045982","cs 70","3321737","129569984","2.67586206773232","Phrase",""
"23551474165","+CS70N","3321737","129570014","2.92068966092735","Broad",""
"1868382149","plantronics m214c","3321738","129570027","1.77586206279952","Exact",""
"149102745","plantronics cs50","3321739","129570034","4.09482759442823","Phrase",""
"149103045","plantronics cs50","3321739","129570035","4.03448276067602","Exact",""
"44638297728","Blackwire 720","3321740","129570061","1.06666666422135","Exact",""
"47023124061","Plantronics Blackwire 720","3321740","129570063","1.07179487057221","Exact",""
"31922027661","Plantronics t10","3321742","129570115","1.64482757962983","Exact",""
"6169197921","Plantronics speakerphone","3321743","129570118","1.01851851851852","Exact",""
"1053374472","Plantronics S11","3321744","129570121","2.3017241420417","Exact",""
"4479251341","plantronics m22 amplifier","3321749","129570444","1.99210525813856","Exact",""
"6042602414","Plantronics Eartips","3321760","129573316","1.07413792815702","Phrase",""
"31710293061","Plantronics ear tips","3321760","129573319","1.04307692417732","Phrase",""
"31710340821","Plantronics Eartips","3321760","129573320","1.05789473809694","Exact",""
"31710341061","Plantronics Ear Tips","3321760","129573321","1","Exact",""
"45961069341","Plantronics Voyager Legend USB Charger","3321763","129573341","1.5","Phrase",""
"32245170981","plantronics app 5 cable","3321766","129573371","1.11136363311247","Phrase",""
"1913133132","SHS1890-15","3321767","129573376","1.3034482742178","Exact",""
"14355930492","Plantronics Earpiece","3321771","129573397","1.69999999067058","Exact",""
"31710293421","Voyager Pro Ear Tips","3321774","129573417","1.46829267827476","Phrase",""
"31710340701","Plantronics Voyager eartips","3321774","129573418","1.10416666418314","Exact",""
"40798440141","+72195 +03","3321778","129573461","1.77045453949408","Broad",""
"45961077021","Plantronics Voyager Legend Charger Case","3321779","129573491","1.5","Exact",""
"45961077381","Plantronics Voyager Legend Charging Case","3321779","129573493","2.16666665975598","Exact",""
"96570808","plantronics hl 10","3321781","129573517","1.88979591398823","Exact",""
"1085801261","Plantronics HL10","3321781","129573518","3.67272725972262","Exact",""
"29672823","plantronics ear cushion","3321783","129573561","1.26470587884679","Exact",""
"29672913","plantronics ear cushions","3321783","129573562","1.53611109985246","Exact",""
"7284513345","plantronics headset ear cushions","3321783","129573571","1.50377358355612","Phrase",""
"772534122","64399-01","3321786","129573589","1.86909090822393","Exact",""
"3576760665","65358 01","3321787","129573596","2.23709676534899","Exact",""
"10465180183","plantronics battery 65358","3321787","129573598","1.81940298116029","Broad",""
"28366325541","+plantronics +battery 65358-01","3321787","129573601","1.69130433642346","Broad",""
"41168389701","+plantronics +65358 +01","3321787","129573607","1.58999999960264","Broad",""
"23640253","27019-03","3321790","129573627","1.81034481936488","Broad",""
"23643393","29955-02","3321790","129573639","1.4","Broad",""
"23645303","43038-01","3321790","129573643","1.56829267304118","Broad",""
"29662333","plantronics parts","3321790","129573650","1.31874999590218","Exact",""
"83837488","plantronics replacement","3321790","129573656","1.08823529411765","Exact",""
"102835920","plantronics ct10 battery","3321790","129573662","1.05714286225183","Exact",""
"103528808","plantronics headset parts","3321790","129573664","1.77540983528387","Exact",""
"187373685","plantronics accessories","3321790","129573671","1.48166666030884","Phrase",""
"402037043","18709-01","3321790","129573682","1.04583332935969","Broad",""
"554517732","plantronics part","3321790","129573687","1.70666665832202","Phrase",""
"1219367838","plantronics charger","3321790","129573709","1.61739130296569","Phrase",""
"1222502796","plantronics headband","3321790","129573713","1.11333333651225","Exact",""
"1302752076","plantronics charger","3321790","129573722","1.64492753450421","Exact",""
"1308182926","69522-01","3321790","129573723","1.40714286054884","Broad",""
"1343641857","plantronics ac adapter","3321790","129573724","1.6954545432871","Phrase",""
"1511443752","40287-01","3321790","129573729","1.14423077152326","Broad",""
"2157147825","plantronics ct12 battery","3321790","129573747","3.05312499776483","Broad",""
"2630219714","plantronics versa","3321790","129573751","1.0511627918066","Phrase",""
"3238513113","plantronics ct12 battery","3321790","129573767","1.75","Exact",""
"3358961189","plantronics usb adapter","3321790","129573771","1.14545454581579","Phrase",""
"3662857768","plantronics 330 charger","3321790","129573790","2.1606060627735","Broad",""
"4710045103","plantronics cs50 replacement headset","3321790","129573825","4.08260868424955","Exact",""
"6124591160","72910-01","3321790","129573850","2.0542372849028","Broad",""
"6690273094","64399-01","3321790","129573854","2.85185186509733","Phrase",""
"7223928040","78887-01","3321790","129573861","1.5049999922514","Broad",""
"11206146125","Plantronics 43937-01","3321790","129573921","1.15666666825612","Phrase",""
"11206196435","Plantronics 66735-01","3321790","129573930","2.01136363636364","Phrase",""
"11532185784","Plantronics 72910-01","3321790","129573943","1.82857142601694","Phrase",""
"13048966441","Plantronics 77043-03","3321790","129573978","1.2578947293131","Phrase",""
"13049083981","65388-02","3321790","129573982","1.68571428230831","Broad",""
"13049084071","65116-02","3321790","129573983","1.76037734859395","Broad",""
"13049084881","37820-01","3321790","129573988","2.32173915013023","Broad",""
"13049487631","Plantronics 81293-01","3321790","129573993","1.03333332803514","Phrase",""
"13049503291","79413-01","3321790","129573994","2.04166666666667","Broad",""
"13049503381","80287-01","3321790","129573995","1.36428570747375","Broad",""
"13581715421","38350-01","3321790","129574011","3.61875000099341","Broad",""
"17747506106","plantronics usb adapter 02","3321790","129574029","1.02272727272727","Exact",""
"22360552466","+plantronics +batteries","3321790","129574041","1.75797101207401","Broad",""
"25378834106","+plantronics +parts","3321790","129574053","1.71014491889788","Broad",""
"25378834226","+plantronics +accessories","3321790","129574054","1.37536231849505","Broad",""
"25664694866","+plantronics +replacement","3321790","129574056","1.8391304154327","Broad",""
"25664742986","+plantronics +usb +charger","3321790","129574057","1.56093749403954","Broad",""
"25694841351","plantronics voyager pro replacement earbuds","3321790","129574058","1.9188679186803","Broad",""
"26549667986","+plantronics +ear +pads","3321790","129574064","1.11617647724993","Broad",""
"27380122941","+plantronics +ear +kit","3321790","129574067","1.29999999515712","Broad",""
"27797899345","+plantronics +ear +bud","3321790","129574072","1.26956522464752","Broad",""
"28310297181","plantronics cs361n battery","3321790","129574094","1.57916667064031","Exact",""
"28310367741","+plantronics +2.5mm +adapter","3321790","129574101","1.36271186198218","Broad",""
"29046330981","+plantronics +battery replacement","3321790","129574144","2.09117645901792","Broad",""
"29046432861","battery for plantronics","3321790","129574145","2.44999998191307","Phrase",""
"29046789621","+plantronics +earbud replacement","3321790","129574148","1.16666668048803","Broad",""
"29581187901","+plantronics +Cases","3321790","129574159","1.87826085090637","Broad",""
"29581188261","+plantronics +Ear +Loops","3321790","129574162","2.04923076629639","Broad",""
"29604574221","+plantronics headset battery +replacement","3321790","129574177","2.25671641328442","Broad",""
"31763093757","+plantronics +adapter","3321790","129574189","1.99710143994594","Broad",""
"3108459397","plantronics cs50 battery","3321791","129574197","1.13846154396351","Exact",""
"5792229271","plantronics cs50 headset battery","3321791","129574203","1.31935483794059","Exact",""
"772359222","26716-01","3321794","129574218","2.55409835401129","Exact",""
"32170300821","Plantronics savi w745","3321881","129586023","1.12413793391195","Exact",""
"12751691512","Plantronics Savi","3321882","129586028","2.06724136245662","Exact",""
"31719082221","Savi 700 Series","3321882","129586031","1.19482758949543","Exact",""
"26640514930","Plantronics Savi 740","3321883","129586035","1.2431034466316","Phrase",""
"31719033981","Savi w740","3321883","129586036","1.22586207348725","Exact",""
"31719034101","Savi 740","3321883","129586037","1.46379310303721","Exact",""
"31756634421","Plantronics Savi w740","3321883","129586039","1.20000002507506","Phrase",""
"31756714701","Savi w740-m","3321884","129586043","1.06785714200565","Exact",""
"32288442981","plantronics savi w740 m","3321884","129586049","1.10689655665694","Phrase",""
"32231792301","plantronics voyager pro hd manual","3321886","129586056","1.00468749925494","Exact",""
"11683554699","Plantronics Support","3321887","129586061","1","Exact",""
"31829667981","Plantronics Technical Support","3321887","129586062","1.11086956314419","Exact",""
"31829668101","Plantronics Troubleshooting","3321887","129586063","1","Exact",""
"31892547861","Plantronics CS50 Manual","3321888","129586067","1","Exact",""
"32072203941","plantronics m1100 pairing","3321889","129586071","1.00499999920527","Exact",""
"48389388261","pair marque 2","3321890","129586081","1.45357142601694","Phrase",""
"39296538981","backbeat go manual","3321891","129586084","1.00961538461538","Phrase",""
"39296610621","plantronics backbeat go manual","3321891","129586085","1.00144927570785","Phrase",""
"5684942381","plantronics bluetooth instructions","3321892","129586089","1.01052631411636","Exact",""
"13257732220","plantronics bluetooth setup","3321892","129586090","1.01884058420209","Exact",""
"24269971881","plantronic bluetooth pairing","3321892","129586092","1","Exact",""
"29030712110","plantronics headset pairing","3321892","129586095","1.00434782539589","Exact",""
"31772421710","plantronics bluetooth headset pairing","3321892","129586096","1.00434782539589","Exact",""
"32979580739","plantronics cs540 manual","3321893","129586099","1","Exact",""
"32752374741","plantronics cs70 nc manual","3321895","129586120","1","Exact",""
"31809795021","Plantronics My Headset","3321896","129586124","1.02033898385905","Exact",""
"45196701100","www plantronics com myheadset","3321896","129586128","1","Exact",""
"47578263621","plantronics com myheadset updater","3321896","129586129","1","Exact",""
"47578263741","plantronics my headset updater","3321896","129586130","1","Exact",""
"42599522061","Voyager legend Pairing","3321897","129586136","1.00144927570785","Phrase",""
"50007657621","plantronics legend pairing","3321897","129586137","1","Exact",""
"36509286261","Plantronics S12 user Guide","3321898","129586142","1","Exact",""
"28018822581","plantronics voyager pro pairing","3321899","129586146","1","Exact",""
"42443888181","plantronics voyager legend manual","3321900","129586153","1","Exact",""
"50009277381","Voyager Legend Manual","3321900","129586156","1","Exact",""
"48085687341","plantronics cs530 manual","3321901","129586159","1","Exact",""
"17727928914","plantronics cs55 user manual","3321902","129586164","1","Exact",""
"31907090541","Plantronics cs55 Manual","3321902","129586165","1.00434782712356","Exact",""
"11461281156","Plantronics Audio 355","3321908","129586193","1.06379311454707","Exact",""
"15701000154","Plantronics audio 995","3321909","129586198","1.04827586741283","Exact",""
"37465869913","plantronics cs530","3321925","129586314","1.29827586124683","Phrase",""
"45453534023","Plantronics cs530","3321925","129586316","1.52068965393921","Exact",""
"47560571301","Plantronics cs530 headset","3321925","129586317","1.29743589499058","Phrase",""
"33505168101","Plantronics cs510 headset","3321928","129586339","1.1179487155034","Exact",""
"1506898272","plantronics cs55 headset","3321931","129586360","4.51896551148645","Broad",""
"2289498806","plantronics cs55","3321931","129586364","3.09310344580946","Exact",""
"19734062859","+plantronics +cs55","3321931","129586371","3.95172415930649","Broad",""
"27436757655","Plantronics CS540","3321932","129586374","2.10172411491131","Exact",""
"31849505301","CS540 Headset","3321932","129586377","1.45438595612844","Exact",""
"31892091981","Plantronics CS540 Wireless headset","3321932","129586380","1.32241379598091","Exact",""
"52963159701","Plantronics cs500xd","3321935","129586393","1","Exact",""
"11991571","headset","3321983","129586743","1.10517243886816","Exact",""
"13475171","headsets","3321983","129586744","1.04137931815509","Exact",""
"22791651","wireless headset","3321985","129586754","2.11896551477498","Exact",""
"23408143","wireless headsets","3321985","129586755","2.38448275163256","Exact",""
"1512356002","Head sets","3321986","129586759","1.10172414163063","Exact",""
"42553531","cordless phone headset","3321987","129586762","1.14655173441459","Phrase",""
"12959273099","plantronics backbeat","3322127","129590022","2.14473682955692","Phrase",""
"31065107215","plantronics back beat","3322127","129590023","1.62499999337726","Phrase",""
"35718027981","Plantronics BackBeat Go","3322127","129590024","1.40789473684211","Exact",""
"38127982821","+Plantronics +Backbeat +Go","3322127","129590029","1.38947367668152","Broad",""
"38128103541","BackBeat Go","3322127","129590032","1.17368421742791","Exact",""
"45196770581","plantronics backbeat go","3322127","129590033","1.42631579072852","Phrase",""
"40598305101","Plantronics GameCom Commander","3322194","129591311","1.00735294292955","Exact","http://www.plantronics.com/valve/"
"40612560381","Gamecom Commander","3322194","129591316","1.0246376870335","Phrase","http://www.plantronics.com/valve/"
"31836095301","GameCom 780","3322195","129591319","1","Exact","http://www.plantronics.com/valve/"
"31836095661","Plantronics GameCom 780","3322195","129591322","1.00144927570785","Exact","http://www.plantronics.com/valve/"
"3000000","Total Content Network","3352092","130828166","2.42857141721816","Content",""
"3000000","Total Content Network","3352096","130828256","2.20952378568195","Content",""
"3000000","Total Content Network","3352100","130828587","2.02380951245626","Content",""
"70272628074","Similar to UserListId: 2671914","3352135","130828831","1.31587302874005","Remarketing",""
"70272566874","Similar to UserListId: 2661594","3352136","130828833","1.7266666703754","Remarketing",""
"10688898336","nod32 business","3352187","130829533","1.20476190249125","Phrase","http://www.eset.com/us/business/products/antivirus/?CMP=KNC-g-ag&mkwid={ifsearch:s}{ifcontent:c}r9RzEtDN&pcrid={creative}&pmt={matchtype}&pkw={keyword}"
"11441379479","eset nod32 business","3352187","130829535","1.15","Phrase","http://www.eset.com/us/business/products/antivirus/?CMP=KNC-g-ag&mkwid={ifsearch:s}{ifcontent:c}K0uQihxv&pcrid={creative}&pmt={matchtype}&pkw={keyword}"
"40905767996","eset endpoint antivirus","3352189","130829548","1.2451612930144","Phrase","http://www.eset.com/us/business/products/antivirus/?CMP=KNC-g-ag&mkwid={ifsearch:s}{ifcontent:c}lujxuOAM&pcrid={creative}&pmt={matchtype}&pkw={keyword}"
"11483689268","eset mail security","3352194","130829580","1.14385965205075","Phrase","http://www.eset.com/us/business/products/?mkwid={ifsearch:s}{ifcontent:c}uoB0kVDY&pcrid={creative}&pmt={matchtype}&pkw={keyword}%23%23tab=baptab-312?CMP=KNC-g-ag"
"12397657577","eset endpoint security","3352195","130829587","1.44354838132858","Phrase","http://www.eset.com/us/business/products/security/?CMP=KNC-g-ag&mkwid={ifsearch:s}{ifcontent:c}ShX10CU9&pcrid={creative}&pmt={matchtype}&pkw={keyword}"
"36008892236","+eset +endpoint +security","3352195","130829591","1.18888889418708","Broad","http://www.eset.com/us/business/products/security/?CMP=KNC-g-ag&mkwid={ifsearch:s}{ifcontent:c}ynca8tcv&pcrid={creative}&pmt={matchtype}&pkw={keyword}"
"28697677769","+eset +business","3352196","130829604","1.17636364373294","Broad","http://www.eset.com/us/business/eset-for-business/?CMP=KNC-g-ag&mkwid={ifsearch:s}{ifcontent:c}oJjIIp7K&pcrid={creative}&pmt={matchtype}&pkw={keyword}"
"29039332055","eset business download","3352196","130829605","1","Phrase","http://www.eset.com/us/business/eset-for-business/?CMP=KNC-g-ag&mkwid={ifsearch:s}{ifcontent:c}dPhW7nAt&pcrid={creative}&pmt={matchtype}&pkw={keyword}"
"32543389529","eset for business","3352196","130829606","1","Phrase",""
"3000000","Total Content Network","3352214","130829952","-1","Content",""
"99876265","enterprise antivirus","3352214","130829992","3.81428571352883","Phrase","http://www.eset.com/us/business/enterprise/?mkwid={ifsearch:s}{ifcontent:c}VqDaXDMu&pcrid={creative}&pmt={matchtype}&pkw={keyword}"
"99876485","antivirus enterprise","3352214","130829999","2.69999998587149","Phrase","http://www.eset.com/us/business/enterprise/?mkwid={ifsearch:s}{ifcontent:c}a5tcC8ZA&pcrid={creative}&pmt={matchtype}&pkw={keyword}"
"3000000","Total Content Network","3352218","130830095","-1","Content",""
"2197461967","best small business antivirus software","3352218","130830196","7.02142858505249","Phrase","http://www.eset.com/us/business/smb/?mkwid={ifsearch:s}{ifcontent:c}lvYrvoqB&pcrid={creative}&pmt={matchtype}&pkw={keyword}"
"7794214076","small business antivirus reviews","3352218","130830239","2.75","Phrase","http://www.eset.com/us/business/smb/?mkwid={ifsearch:s}{ifcontent:c}WEpYaCiw&pcrid={creative}&pmt={matchtype}&pkw={keyword}"
"3000000","Total Content Network","3352221","130830299","-1","Content",""
"3000000","Total Content Network","3352222","130830407","-1","Content",""
"3000000","Total Content Network","3352224","130830470","-1","Content",""
"1641588248","endpoint protection","3352224","130830488","4.23015873772757","Phrase",""
"7034219408","end point protection","3352224","130830524","3.47068965846095","Phrase","http://www.eset.com/us/business/eset-for-business/?mkwid={ifsearch:s}{ifcontent:c}SxWxQWs2&pcrid={creative}&pmt={matchtype}&pkw={keyword}"
"21176373429","+endpoint +protection","3352224","130830541","2.74137932884282","Broad","http://www.eset.com/us/business/eset-for-business/?mkwid={ifsearch:s}{ifcontent:c}dFsw64Gr&pcrid={creative}&pmt={matchtype}&pkw={keyword}"
"3000000","Total Content Network","3352226","130830580","-1","Content",""
"399657628","endpoint security","3352226","130830594","5.32857145960369","Phrase","http://www.eset.com/us/business/eset-for-business/?mkwid={ifsearch:s}{ifcontent:c}RXp46zbX&pcrid={creative}&pmt={matchtype}&pkw={keyword}"
"4167249996","endpoint security software","3352226","130830615","4.39672131616561","Phrase","http://www.eset.com/us/business/eset-for-business/?mkwid={ifsearch:s}{ifcontent:c}SKoQKjMG&pcrid={creative}&pmt={matchtype}&pkw={keyword}"
"3000000","Total Content Network","3352228","130830769","-1","Content",""
"3000000","Total Content Network","3352230","130830869","-1","Content",""
"6284415192","endpoint antivirus","3352230","130830914","1.29344262060572","Phrase","http://www.eset.com/us/business/eset-for-business/?mkwid={ifsearch:s}{ifcontent:c}sRmjnjdA&pcrid={creative}&pmt={matchtype}&pkw={keyword}"
"3000000","Total Content Network","3352231","130831004","-1","Content",""
"3000000","Total Content Network","3352234","130831162","-1","Content",""
"98438032","file security","3352234","130831210","2.15396825094072","Exact",""
"3000000","Total Content Network","3352235","130831272","-1","Content",""
"3000000","Total Content Network","3352238","130831416","-1","Content",""
"132578342","windows server security","3352238","130831438","4.31111112095061","Phrase","http://www.eset.com/us/business/products/?mkwid={ifsearch:s}{ifcontent:c}jetRXikg&pcrid={creative}&pmt={matchtype}&pkw={keyword}%23%23tab=baptab-312"
"22173374481","+hipaa +encryption","3352249","130831636","3.32142857142857","Broad",""
"22174235481","+healthcare +encryption","3352249","130831651","1.58571427209037","Broad",""
"90576989","hipaa security checklist","3352254","130831864","1.19999999205271","Phrase",""
"20790597920","+hipaa +security +compliance","3352254","130831925","1.79555554654863","Broad",""
"23300228543","+hipaa +security +checklist","3352254","130831940","1.0894736867202","Broad",""
"31177747341","hipaa +security +compliance","3352260","130832124","3.96428564616612","Broad",""
"20242744040","+hipaa +security +policy","3352270","130832382","1.6044444375568","Broad",""
"20782680320","+hospital +security +policy","3352270","130832386","1.16590909524397","Broad",""
"58452806267","+healthcare +security +breach","3352279","130833053","1.98571428230831","Broad",""
"27981686947","meaningful use security","3352306","130833806","2.40769228568444","Phrase",""
"45279188192","meaningful use security risk analysis","3352306","130833893","1.86153846520644","Phrase",""
"61316923889","security risk analysis for meaningful use","3352306","130834025","2.09230769597567","Phrase",""
"267991121","hipaa security policy","3352312","130834205","2.77999999523163","Phrase",""
"33434939731","windows 8 antivirus","3352316","130834296","1.04565218220586","Exact",""
"36368026","anti virus for linux","3352319","130834314","1.15185185273488","Exact",""
"37532256","anti virus linux","3352319","130834316","1.0769230723381","Exact",""
"37532286","anti virus software for linux","3352319","130834317","1.55555555555556","Exact",""
"81135588","linux virus protection","3352319","130834318","1.98750000198682","Exact",""
"87860657","linux anti virus","3352319","130834319","1.08518518783428","Exact",""
"1212249582","antivirus programs for linux","3352319","130834338","1.5","Exact",""
"2573788915","antivirus for ubuntu","3352323","130834358","1.06296296914419","Exact",""
"14653283","windows anti virus","3352341","130834660","1.04230770239463","Exact",""
"14653313","windows antivirus","3352341","130834662","1.01851852293368","Exact",""
"110535133","antivirus for windows","3352341","130834663","1.22962964022601","Exact",""
"13229585525","antivirus software for windows 7","3352345","130834723","1.75925924159862","Exact",""
"14653303","pc anti virus","3352356","130834936","1.35652173083761","Exact",""
"14653323","pc antivirus","3352356","130834940","1.78888888712283","Exact",""
"72155308","pc antivirus software","3352356","130834943","1.59523810091473","Exact",""
"737784021","antivirus for pc","3352356","130834946","2.94444444444444","Exact",""
"976845765","anti virus for pc","3352356","130834947","1.87599998950958","Exact",""
"71265628","mac antivirus software","3352360","130835555","3.97407407230801","Exact",""
"93088172","mac antivirus","3352360","130835567","3.38888887122825","Exact",""
"47916002910","mac antivirus app","3352360","130835766","1.3","Exact",""
"105085172","virus protection program","3352433","130838786","2.49545454978943","Exact",""
"12698501","virus protection","3352442","130839140","4.18888889418708","Exact",""
"38247914062","ransomware removal","3352468","130840941","1.22272727435285","Exact","http://www.eset.com/us/protection/remove-ransomware/?CMP=knc-gnb-remove"
"67595946587","ransomware removal windows xp","3352468","130840981","1.14666666984558","Exact","http://www.eset.com/us/protection/remove-ransomware/?CMP=knc-gnb-remove"
"1119662020","free virus protection trial","3352476","130841149","2.00465116112731","Exact",""
"3000000","Total Content Network","3352486","130841599","-1","Content",""
"26450992","antivirus trial","3352486","130841602","2.54411764355267","Phrase",""
"261805890","trial antivirus","3352486","130841603","1.85079363981883","Exact",""
"583046469","antivirus free trial","3352486","130841607","1.81750001907349","Exact",""
"729318198","trial antivirus","3352486","130841611","2.18823529692257","Phrase",""
"895635562","antivirus trial software","3352486","130841618","2.65161290476399","Exact",""
"895635952","free antivirus trial","3352486","130841619","1.96000000238419","Exact",""
"895720012","free trial antivirus","3352486","130841621","1.89180328806893","Exact",""
"1119812770","antivirus trial download","3352486","130841623","2.49047618820554","Exact",""
"1119813100","free antivirus trial download","3352486","130841624","1.81562499701977","Exact",""
"2363888232","antivirus free trial download","3352486","130841651","1.92727273160761","Exact",""
"2681222201","free antivirus software trial","3352486","130841674","2.21428571428571","Exact",""
"18258087646","+antivirus +trial","3352486","130841768","2.22058825633105","Broad",""
"95514552","one time password","3352491","130841811","2.19661016989562","Phrase",""
"4043871277","otp authentication","3352491","130841821","3.31754387052436","Phrase",""
"22095997488","+vpn +security","3352493","130841912","4.24603175360059","Broad",""
"2748490386","2fa","3352501","130842029","1.49206349206349","Exact",""
"3292824846","2fa","3352501","130842032","1.90158729515378","Phrase",""
"33327603","two factor authentication","3352503","130842248","6.04444444747198","Exact",""
"24261728970","+two +factor +authentication","3352503","130842257","5.59999998410543","Broad",""
"318393826","smart security","3352520","130842462","1.96349206235674","Phrase",""
"4321690012","eset smart security","3352529","130842556","1.00158730196574","Exact",""
"318398896","smart security","3352551","130842955","1.40476190665412","Exact",""
"3398617935","eset smart security download","3352555","130842982","1","Exact",""
"5935388110","download eset smart security","3352555","130842983","1","Exact",""
"3398433735","eset smart security","3352575","130843124","1.23492064930144","Phrase",""
"12172133219","eset smart security 4","3352575","130843125","1.1317460404502","Phrase",""
"26245487684","eset smart security 5","3352575","130843127","1.1142857320725","Phrase",""
"35863153869","eset smart security 6","3352575","130843135","1.03174603931488","Phrase",""
"5935384510","esmart security","3352577","130843143","1.22222222222222","Exact",""
"4376544125","download eset nod32","3352585","130843368","1.00526315914957","Phrase",""
"5778092110","www nod32 com","3352602","130843756","1.32931033085132","Exact",""
"1301396987","nod32 review","3352621","130844077","1.04838709485146","Exact",""
"153413512","nod32 anti virus","3352648","130844336","1.36666666326069","Phrase",""
"449771309","nod32 antivirus","3352648","130844337","1.17307693683184","Phrase",""
"565860603","antivirus nod32","3352648","130844338","1.24193547618005","Phrase",""
"135682762","nod32","3352709","130845331","1.09206351401314","Phrase",""
"357731289","nod 32","3352709","130845332","1.08500001629194","Phrase",""
"1301397467","nod32 download","3352716","130845377","1.01746031973097","Exact",""
"2115428306","download nod32","3352716","130845381","1.02833333412806","Exact",""
"3347078842","nod 32 download","3352716","130845383","1.04038461355063","Exact",""
"37742696","nod32","3352718","130845394","1.00476190589723","Exact",""
"60753108","nod 32","3352718","130845395","1","Exact",""
"5914817890","eset nod32 review","3352720","130845400","1.03650793764326","Exact",""
"5914818010","eset nod32 antivirus download","3352734","130845564","1","Exact",""
"67817961467","+nod32 +renewal +eset","3352743","130845753","1.3","Broad",""
"608350148","eset nod32 antivirus","3352758","130845872","1.00317460393149","Exact",""
"608350268","eset nod 32 antivirus","3352758","130845873","1","Exact",""
"409556419","node32","3352766","130845988","1.16491228864904","Phrase",""
"608349938","eset nod32 antivirus","3352772","130846028","1.09230771202307","Phrase",""
"608350328","eset nod 32 antivirus","3352772","130846029","1.06730769689266","Phrase",""
"409556449","node 32","3352799","130846475","1.13278688563675","Exact",""
"409556569","node32","3352799","130846476","1.07777778496818","Exact",""
"4497640501","enod","3352799","130846480","1.53548386789137","Exact",""
"4657119435","eset node 32","3352799","130846484","1.0375","Exact",""
"3609391132","eset nod32 download","3352815","130847077","1.011111111868","Exact",""
"4307641710","download eset nod32","3352815","130847078","1","Exact",""
"437380536","eset nod32","3352816","130847096","1.10377360964721","Phrase",""
"520101009","eset nod","3352816","130847097","1.03166667421659","Phrase",""
"608350718","eset nod 32","3352816","130847098","1.04705882539936","Phrase",""
"520095279","eset nod","3352818","130847105","1.00158730196574","Exact",""
"608350538","eset nod 32","3352818","130847107","1.00645161251868","Exact",""
"5771067010","nod eset","3352818","130847110","1.00476190400502","Exact",""
"2764700871","nod32 renewal","3352821","130847193","1.38","Exact",""
"2743312180","esset","3352825","130847356","1.24444444974264","Phrase",""
"2764710531","eset renewal","3352827","130847372","1.32444443702698","Phrase",""
"715917486","eset","3352828","130847380","1.14285717124031","Phrase",""
"5764474210","eset virus","3352829","130847385","1","Exact",""
"34747525701","virus protection eset","3352829","130847388","1","Exact",""
"1742453857","eset software","3352830","130847390","1.02258064862221","Exact",""
"2764708371","eset renewal","3352831","130847392","1.0034482766842","Exact",""
"454792990","e set","3352832","130847400","1.20909090475603","Exact",""
"703974276","eset","3352832","130847401","1","Exact",""
"2394911636","e-set","3352832","130847402","1.15555555101425","Exact",""
"12645946535","eset virus","3352833","130847406","1.07500000183399","Phrase",""
"11916359289","download eset antivirus","3352837","130847424","1","Phrase",""
"12234203826","eset scanner","3352838","130847431","1.04782608540162","Phrase",""
"2394919316","eset com","3352839","130847437","1","Exact",""
"2394928196","eset.com","3352839","130847439","1","Exact",""
"2394930896","www eset com","3352839","130847440","1","Exact",""
"5399798312","eset security","3352840","130847445","1.00158730196574","Exact",""
"5786852710","eset internet security","3352840","130847446","1.00967742166212","Exact",""
"5786853010","eset security suite","3352840","130847447","1","Exact",""
"2764709391","eset download","3352841","130847454","1","Exact",""
"5816053510","download eset","3352841","130847455","1","Exact",""
"5935357810","download eset antivirus","3352841","130847457","1","Exact",""
"5786852830","eset scanner","3352842","130847462","1.00634920786298","Exact",""
"5889790270","eset online scan","3352842","130847464","1.06181817921725","Exact",""
"5889790450","eset online scanner","3352842","130847465","1.00877193191595","Exact",""
"1300821321","eset com","3352843","130847470","1.04915254803027","Phrase",""
"1300821351","eset.com","3352843","130847471","1.01269841383374","Phrase",""
"6367785025","eset security","3352845","130847482","1.18253968821632","Phrase",""
"12101422365","eset internet security","3352845","130847483","1.1139999961853","Phrase",""
"32337978730","eset security 5","3352845","130847488","1.16666666666667","Phrase",""
"4538971851","antivirus eset","3352846","130847492","1.21351351609101","Phrase",""
"1204243872","esset","3352848","130847511","1.00317460393149","Exact",""
"5230985590","eeset","3352848","130847513","1","Exact",""
"5231249950","esett","3352848","130847516","1","Exact",""
"4847397392","eset antivirus review","3352849","130847524","1.36666665947627","Exact",""
"5889690310","eset review","3352849","130847526","1.00967742166212","Exact",""
"2333560626","eset antivirus","3352850","130847531","1.01111111376021","Exact",""
"4538978031","antivirus eset","3352850","130847532","1.00634920786298","Exact",""
"4851548912","eset anti virus","3352850","130847533","1","Exact",""
"5786852950","eset antivirus software","3352850","130847534","1.08717948962481","Exact",""
"28572009638","eset family","3352852","130847550","1.06981132165441","Phrase",""
"28571926718","+eset +family","3352854","130847558","1.01129032527247","Broad",""
"46781283130","eset cybersecurity pro","3352855","130847567","1.01904762358893","Phrase",""
"21041510410","eset mac","3352856","130847569","1.07777779253702","Phrase",""
"25016958794","nod32 for mac","3352856","130847577","1.00833333333333","Phrase",""
"21041462530","eset cybersecurity for mac","3352857","130847581","1.02063492177025","Phrase",""
"24751830074","eset cyber security","3352857","130847584","1.04444444747198","Phrase",""
"17687789591","smart security coupon code","3352863","130847638","1.33333333333333","Phrase",""
"10916905585","nod32 discount","3352864","130847649","1.02962963007115","Phrase",""
"2451084258","eset promo code","3352865","130847664","1.1350877201348","Phrase",""
"3015812547","nod32 free trial","3352866","130847675","1","Exact",""
"5889788890","nod32 trial","3352866","130847677","1","Exact",""
"3015800787","nod32 free trial","3352867","130847679","1","Phrase",""
"3997919227","eset trial","3352868","130847683","1","Exact",""
"30125627022","eset free trial","3352868","130847684","1","Exact",""
"3997917847","eset trial","3352869","130847686","1.00158730196574","Phrase",""
"30124195182","eset free trial","3352869","130847687","1","Phrase",""
"36128962","mac virus protection","3352360","130867006","3.79999998763756","Exact",""
"36684626","antivirus mac","3352360","130867007","2.48148147265116","Exact",""
"67687688","antivirus for mac","3352360","130867008","3.15555556615194","Exact",""
"67688328","antivirus software for mac","3352360","130867009","4.28518518695125","Exact",""
"67688368","antivirus software mac","3352360","130867010","2.95185183595728","Exact",""
"103463028","virus protection for mac","3352360","130867011","5.05185189070525","Exact",""
"103484848","virus protection mac","3352360","130867012","3.09999998716208","Exact",""
"19547997882","+best +antivirus +software","3353489","130867049","3.59722221891085","Broad",""
"29062270429","+antivirus +software +best","3353489","130867050","3.75333334604899","Broad",""
"67844026427","+anti virus +software +best","3353489","130867054","3.78518517370577","Broad",""
"52352586","computer antivirus","3353490","130867063","2.45384613825725","Exact",""
"485202867","antivirus for computer","3353490","130867068","1.97083331644535","Exact",""
"1119744790","antivirus for computers","3353490","130867069","1.27200000286102","Exact",""
"22636533","antivirus program","3353495","130867142","1.6153846016297","Exact",""
"76395911","best antivirus software","3353497","130867161","3.00888888835907","Phrase",""
"18258302086","+antivirus +download","3353499","130867186","1.71249999850988","Broad",""
"18258302326","+download +antivirus","3353499","130867188","1.9538461290873","Broad",""
"37876873648","+download +anti virus","3353499","130867195","2.54705882072449","Broad",""
"138223313","antivir","3353500","130867209","1.18461538736637","Phrase",""
"33833673","antivirus compare","3353501","130867218","-1","Broad",""
"47619866","comparison antivirus","3353501","130867225","-1","Broad",""
"936894989","comparison anti virus software","3353501","130867246","-1","Broad",""
"18258248926","+antivirus +software","3353502","130867260","3.44615384707084","Broad",""
"18258249286","+software +antivirus","3353502","130867261","3.35769233336815","Broad",""
"37875247408","+anti virus +software","3353502","130867262","4.00454545021057","Broad",""
"53525257515","+software +anti virus","3353502","130867263","4.17692306408515","Broad",""
"18258099646","+top +10 +antivirus","3353504","130867270","3.43888891405529","Broad",""
"28153385516","+top +10 +antivirus +software","3353504","130867276","4.07500001788139","Broad",""
"67843951187","+antivirus +software +top +rated","3353504","130867304","4.95000000433488","Broad",""
"67843955987","+top +rated +anti virus","3353504","130867310","4.61351352768975","Broad",""
"18258099406","+antivirus +computer","3353506","130867329","2.57307689465009","Broad",""
"41888044522","+computer +anti virus","3353506","130867336","2.86153844686655","Broad",""
"59892541","best anti virus software","3353508","130867374","3.51904759804408","Exact",""
"59892581","best antivirus software","3353508","130867375","2.95111111799876","Exact",""
"85592748","antivirus software best","3353508","130867377","2.69565216354702","Exact",""
"26451022","download antivirus","3353510","130867388","1.31538462638855","Phrase",""
"26451042","antivirus download","3353510","130867389","1.20000002017388","Phrase",""
"26451072","download anti virus","3353510","130867390","1.53199999332428","Phrase",""
"471107869","downloads antivirus","3353510","130867403","1.62307691115599","Phrase",""
"17358831","antivir","3353511","130867412","1","Exact",""
"67844028227","+best +anti virus +program","3353514","130867433","3.2457142829895","Broad",""
"67844028347","+best +anti virus +programs","3353514","130867434","4.01500000357628","Broad",""
"48326846","antivirus reviews","3353515","130867447","-1","Exact",""
"67688468","antivirus software reviews","3353515","130867449","-1","Exact",""
"93107432","antivirus software review","3353515","130867454","-1","Exact",""
"444209473","anti virus software best","3353516","130867477","-1","Broad",""
"30524480","+antivirus","3353517","130867483","3.79999997982612","Broad",""
"20897335394","+anti virus","3353517","130867484","5.07307690840501","Broad",""
"15003083","antivirus download","3353518","130867486","1.0076923095263","Exact",""
"23757923","download antivirus","3353518","130867491","1.11153847896136","Exact",""
"23758503","antivirus downloads","3353518","130867493","1.56153846245546","Exact",""
"28103500","anti virus downloads","3353518","130867494","1.05769230310734","Exact",""
"28103520","anti virus download","3353518","130867495","1.02692307875707","Exact",""
"93140213","antivirus software download","3353518","130867497","1.24230770422862","Exact",""
"13002530","anti virus software","3353520","130867520","3.1615384725424","Exact",""
"15002923","antivirus software","3353520","130867521","3.51153845053453","Exact",""
"769282110","best antivirus programs","3353521","130867530","2.47560974446739","Phrase",""
"10104982","antivirus review","3353522","130867540","-1","Broad",""
"25659712","reviews antivirus software","3353522","130867542","-1","Broad",""
"25660622","anti virus software review","3353522","130867544","-1","Broad",""
"25660872","anti virus software reviews","3353522","130867545","-1","Broad",""
"37759132","antivirus programs reviews","3353522","130867549","-1","Broad",""
"47873566","review antivirus software","3353522","130867550","-1","Broad",""
"48684048","review anti virus software","3353522","130867551","-1","Broad",""
"285622679","review antivirus","3353522","130867556","-1","Broad",""
"419831469","reviews antivirus","3353522","130867559","-1","Broad",""
"452026411","reviews anti virus software","3353522","130867560","-1","Broad",""
"2857664714","reviews anti virus programs","3353522","130867568","-1","Broad",""
"4477673856","review anti virus program","3353522","130867570","-1","Broad",""
"15648333","anti virus","3353524","130867578","2.59615385532379","Phrase",""
"21283941","antivirus","3353524","130867579","2.36818182468414","Phrase",""
"10933221","anti virus download","3353525","130867584","-1","Broad",""
"18258152086","+antivirus +best","3353526","130867606","2.83999999165535","Broad",""
"21182800352","+best +antivirus","3353526","130867607","3.14666668838925","Broad",""
"22424211586","+the +best +antivirus","3353526","130867608","3.05116276685582","Broad",""
"28903806374","+best +anti virus","3353526","130867610","3.36923079001598","Broad",""
"67844023667","+anti virus +best","3353526","130867613","3.48888888888889","Broad",""
"14168052","software antivirus","3353528","130867630","-1","Broad",""
"761768778","top 10 antivirus software","3353529","130867640","3.60750000476837","Phrase",""
"769291920","top 10 antivirus","3353529","130867641","2.61333336035411","Phrase",""
"404278706","best antivirus programs","3353530","130867686","3.66363636201078","Exact",""
"64268171","anti virus protection","3353531","130867698","1.95384613367227","Phrase",""
"15034720","anti virus","3353532","130867702","2.47692305766619","Exact",""
"19312841","antivirus","3353532","130867703","3.50454543937336","Exact",""
"26451032","best anti virus","3353533","130867705","2.8311111079322","Phrase",""
"26451062","best antivirus","3353533","130867706","2.96666665607029","Phrase",""
"157579821","what is the best antivirus","3353533","130867709","3.01627909859946","Phrase",""
"419874081","the best antivirus","3353533","130867711","2.52666666242811","Phrase",""
"769258920","top 10 antivirus","3353536","130867779","1.78888888888889","Exact",""
"817006058","top rated antivirus software","3353536","130867780","2.99777778784434","Exact",""
"817006988","top 10 antivirus software","3353536","130867781","1.56444443861643","Exact",""
"895703362","top ten antivirus software","3353536","130867788","2.01777778201633","Exact",""
"1967548878","top rated anti virus program","3353536","130867796","3","Exact",""
"2499505796","top ten antivirus","3353536","130867800","1.95111110475328","Exact",""
"67844031467","+programs +anti virus","3353538","130867847","4.26923079674061","Broad",""
"10933121","antivirus","3353540","130867855","-1","Broad",""
"18258139846","+antivirus +review","3353541","130867857","-1","Broad",""
"22424213026","+antivirus +reviews","3353541","130867861","-1","Broad",""
"67844032187","+reviews +anti virus","3353541","130867883","-1","Broad",""
"11251072","the best anti virus","3353543","130867903","2.53953489037447","Exact",""
"11307682","anti virus best","3353543","130867904","1.74193548387097","Exact",""
"15002883","best antivirus","3353543","130867905","3.80000000529819","Exact",""
"26962730","best anti virus","3353543","130867906","3.05555555555556","Exact",""
"67687408","antivirus best","3353543","130867907","2.00444444020589","Exact",""
"157580401","what is the best antivirus","3353543","130867910","2.51777778201633","Exact",""
"37438241","anti virus program","3353547","130868020","2.41538459062576","Phrase",""
"1794419780","nod32 antivirus download","3353550","130868047","1","Exact",""
"52212966","antivirus nod","3352600","130868101","1","Exact",""
"520099479","nod antivirus","3352600","130868102","1.00666666825612","Exact",""
"32885762382","nod32 online scanner","3353562","130868373","1.10000000216744","Phrase",""
"5771060890","nod32 internet security","3353564","130868427","1.07096774347367","Exact",""
"67843897547","+reviews +nod32","3353567","130868498","1.40000000596046","Broad",""
"172661942","nod","3352709","130868499","2.25161288438305","Phrase",""
"4253691870","nod download","3352716","130868500","1","Exact",""
"329552178","nod","3352718","130868502","1.0193548414015","Exact",""
"27269920182","+download +nod +32","3353574","130868645","1.04761904761905","Broad",""
"27270052062","+download +nod32","3353574","130868646","1.07966102583934","Broad",""
"27522311124","+download +nod","3353574","130868648","1.04482758456263","Broad",""
"28303201422","+nod32 +download","3353574","130868649","1.11311475761601","Broad",""
"18141795658","nod32 internet security","3353577","130868694","1.29999999846182","Phrase",""
"19810771441","+nod32","3353580","130868721","1.12096777077644","Broad",""
"23343621564","+nod +32","3353580","130868723","1.05000001192093","Broad",""
"5864472790","nod32 online scan","3353581","130868761","1.08000000173395","Exact",""
"5952907510","nod32 online scanner","3353581","130868762","1.0181818225167","Exact",""
"1617969465","eset 32","3352828","130868817","1.02452830323633","Phrase",""
"13430637714","eset 4","3352828","130868818","1.24423076785528","Phrase",""
"8005142085","eset virus software","3352830","130868843","1.04761904761905","Exact",""
"38966303530","eset software download","3352830","130868844","1","Exact",""
"40823295883","eset 7","3352832","130868851","1.00158730196574","Exact",""
"431706327","eset software","3353585","130868854","1.96129031335154","Broad",""
"5889748210","eset virus scan","3352842","130868916","1","Exact",""
"21890010062","+eset","3353592","130868976","1.24918034819306","Broad",""
"31617180796","+eset 32","3353592","130868977","1.06792453999789","Broad",""
"67833353867","+e set","3353592","130868980","3.37460315795172","Broad",""
"67833356747","+eset 3","3353592","130868981","1.24722222487132","Broad",""
"67833357107","+eset 7","3353592","130868984","1.10000000981724","Broad",""
"5764466290","eset av","3352850","130868986","1","Exact",""
"34362583","virus removal","3359063","131092090","4.63157894736842","Phrase","http://www.eset.com/us/protection/virus-removal/?CMP=knc-gnb-remove"
"48662771","virus support","3359068","131092315","4.02499998807907","Phrase","http://www.eset.com/us/protection/virus-removal/?CMP=knc-gnb-remove"
"53012106861","Plantronics BackBeat Go 2","3362366","131181955","1.03684211090991","Exact",""
"53013269181","+Plantronics +Backbeat +Go +2","3362366","131181956","1.20000001631285","Broad",""
"53013269301","Back Beat Go 2","3362366","131181957","1.23888888955116","Phrase",""
"53013269421","Backbeat Go 2","3362366","131181958","1.20000002258702","Phrase",""
"53013269661","BackBeat Go 2","3362366","131181960","1.02105263659829","Exact",""
"53013269901","Backbeat Go 2 Wireless Earbuds","3362366","131181962","1.80869563766148","Exact",""
"18767790821","wireless headphones for ipad","3362367","131181967","1.61842104008323","Exact",""
"18767791421","wireless headphones for ipad","3362367","131181968","1.66842104572999","Phrase",""
"38128948941","+headphones +wireless +ipad","3362367","131181973","1.72631577127858","Broad",""
"38999308341","plantronics Wireless Earbuds","3362368","131181975","1.12894737093072","Exact",""
"38999587821","+wireless +earbuds +plantronics","3362368","131181976","1.18947369487662","Broad",""
"1788492638","best ear buds","3362369","131181988","3.2631578821885","Exact",""
"4251158122","Best Earbuds","3362369","131181989","2.21315787340465","Exact",""
"4421408922","wireless headphones for iphone","3362370","131181991","2.14473683896818","Phrase",""
"4421423742","wireless headphones for iphone","3362370","131181992","2.03947365597675","Exact",""
"5206236558","wireless earbuds for iphone","3362370","131181993","1.34473685214394","Phrase",""
"929852501","Wireless Earbud Headphones","3362371","131181998","1.3131579003836","Exact",""
"1835042779","Wireless Earbuds","3362372","131182006","1.9578947330776","Phrase",""
"1935987955","bluetooth wireless earbuds","3362372","131182007","2.76842104447515","Exact",""
"2579079141","wireless ear buds","3362372","131182008","1.2236842136634","Exact",""
"4499997997","Wireless Earbuds","3362372","131182009","1.48684212094859","Exact",""
"5065775178","wireless bluetooth earbuds","3362372","131182010","2.54473684963427","Phrase",""
"15303010795","Best Wireless Earbuds","3362372","131182014","2.40263156828127","Exact",""
"19731788139","+wireless +ear +buds","3362372","131182015","2.21578945925361","Broad",""
"19731789819","+wireless +earbuds","3362372","131182016","3.13157895364259","Broad",""
"48326846","antivirus reviews","3373168","131683531","1.78823528570287","Exact",""
"64266811","linux anti virus","3378190","131995764","1.3590909188444","Phrase",""
"120315159","anti virus linux","3378190","131995765","1.3045454567129","Phrase",""
"165442744","anti virus software for linux","3378190","131995768","-1","Phrase",""
"2573857375","antivirus for ubuntu","3378191","131995780","1.37727272510529","Phrase",""
"51503640","antivirus xp","3378193","131995915","1.08636363527992","Phrase",""
"146653204","antivirus for windows xp","3378193","131995917","1.29523809183212","Phrase",""
"157533724","xp antivirus","3378193","131995918","1.16818182034926","Phrase",""
"15651623","windows antivirus","3378194","131995934","1.94090908765793","Phrase",""
"172763009","antivirus windows","3378194","131995935","2.41363634304567","Phrase",""
"289811479","antivirus for windows","3378194","131995936","3.39999997615814","Phrase",""
"15651593","pc antivirus","3378195","131995939","1.92272727597844","Phrase",""
"822571151","anti virus for pc","3378195","131995944","2.31363635713404","Phrase",""
"101906192","mac antivirus","3378198","131996059","2.85909090258858","Phrase",""
"2909951738","antivirus software for windows vista","3378199","131996133","7.16666666666667","Phrase",""
"3413989179","windows vista antivirus software","3378199","131996134","5","Phrase",""
"4896867533","antivirus program for windows vista","3378199","131996137","6.9","Phrase",""
"42608534939","windows 8 antivirus","3378200","131996177","1.28536584900647","Phrase",""
"3126610450","esnet","3352848","131996234","1","Exact",""
"60958047673","voyager legend cs","3378204","131996315","1.82758620689655","Exact",""
"10659026250","windows 7 antivirus","3352345","132117365","1.02105263659829","Exact",""
"12129038021","antivirus windows 7","3352345","132117367","1.01578947744871","Exact",""
"12129047561","antivirus for windows 7","3352345","132117368","1.10526317044308","Exact",""
"38078759723","antivirus for windows 8","3352316","132117371","1.30263157581028","Exact",""
"39702042316","antivirus software for windows 8","3352316","132117372","1.54736842293488","Exact",""
"39702045196","windows 8 antivirus programs","3352316","132117373","1.1457142829895","Exact",""
"39702048676","anti virus windows 8","3352316","132117376","1.00810810681936","Exact",""
"47510374895","antivirus windows 8","3352316","132117388","1.11052632331848","Exact",""
"68247267347","windows 8.1 antivirus","3352316","132117419","1.07631578884627","Exact",""
"10659012840","windows 7 antivirus","3378192","132117422","1.23684211153733","Phrase",""
"12378835182","antivirus for windows 7","3378192","132117424","1.49999999372583","Phrase",""
"31982479973","antivirus for windows 8","3378200","132117443","1.41578947242938","Phrase",""
"39703289596","antivirus windows 8","3378200","132117444","1.2789473627743","Phrase",""
"265486967","malware removal","3386535","132332318","4.22307693041288","Phrase","http://www.eset.com/us/protection/removal-service/?CMP=knc-gnb-remove"
"19970541016","family security pack","3352853","132332413","1","Exact",""
"3041520880","family security pack","3352854","132332414","2.33437499031425","Broad",""
"683439472","mac os x virus protection","3404129","132787232","1.95","Exact",""
"14387263","windows virus protection","3404134","132787340","1.77096775270277","Exact",""
"95315238","download virus protection","3404140","132787430","2.2699999888738","Exact",""
"17892252","virus protection","3404144","132787531","4.37741934099505","Phrase",""
"68406514667","+virus +protection +trial","3352476","132787605","1.87692307050412","Exact",""
"3822859842","free trial antivirus download","3352486","132787611","1.06153846245546","Exact",""
"13224086644","antivirus free trial 90 days","3352486","132787612","1.11153846520644","Exact",""
"13224613684","90 days antivirus trial","3352486","132787613","1.2766666730245","Exact",""
"52000566178","+antivirus +trial","3352486","132787614","1.09333333571752","Exact",""
"26450952","free trial antivirus","3404151","132787647","1.19259259435866","Phrase",""
"583049139","antivirus free trial","3404151","132787651","1.13846155313345","Phrase",""
"729318198","trial antivirus","3404151","132787653","1.17000002066294","Phrase",""
"729318438","antivirus trials","3404151","132787654","1.00416666766008","Phrase",""
"68406834347","+antivirus +trial","3404151","132787676","1.17333335081736","Phrase",""
"1119659800","virus protection free trial","3404153","132787689","1.52307692399392","Phrase",""
"675401242","top antivirus","3353536","133083993","2.43448277588548","Exact",""
"4260802914","pci compliance checklist","3410211","133083997","4.52380948974973","Exact",""
"60635946954","Similarusers - B2B - Home","3352133","133202078","1.17777779367235","Remarketing",""
"71183826114","Similar to UserListId: 2660754","3352133","133202079","1.10384616485009","Remarketing",""
"71183250834","Similar to UserListId: 2679714","3412193","133202081","1.08846155496744","Remarketing",""
"71183250954","Similar to UserListId: 2679834","3412193","133202082","1.08076924544114","Remarketing",""
"51779527395","carbon ultrabook","3412901","133490012","1.73333332273695","Phrase",""
"41270752393","Lenovo X1 Carbon","3412914","133490082","1.12000002066294","Broad",""
"250066437","thinkcentre m series","3412928","133490163","1.23333330949148","Broad",""
"1590232811","lenovo thinkcentre desktop","3412932","133490179","1.30000003178914","Broad",""
"2148219284","lenovo thinkcentre desktops","3412932","133490180","1.26666669050852","Broad",""
"1467657725","lenovo thinkcentre","3412938","133490203","1.20000000794729","Phrase",""
"1467657845","lenovo thinkcenter","3412938","133490204","1.09999998410543","Phrase",""
"12271756116","lenovo thinkserver","3412990","133490456","3.5","Phrase",""
"12271756566","lenovo thinkservers","3412990","133490457","-1","Phrase",""
"13494130688","hipaa security rule checklist","3352254","135068511","1.09166666865349","Phrase",""
"26450792","antivirus protection","3423461","135068585","2.5","Phrase",""
"64268171","anti virus protection","3423461","135068586","2.09999990463257","Phrase",""
"25125923","antivirus protection","3423462","135068590","4.19999980926514","Exact",""
"28103480","anti virus protection","3423462","135068593","1.39999997615814","Exact",""
"48655016382","virus removal for windows 7","3359063","135068653","4.32857145581927","Phrase","http://www.eset.com/us/protection/windows-virus-removal/?CMP=knc-gnb-remove"
"90045057","computer virus repair","3423990","135223497","2.52666666507721","Phrase",""
"134079415","virus repair","3423990","135223498","2.03749997913837","Phrase","http://www.eset.com/us/protection/virus-repair/?CMP=knc-gnb-remove"
"7709002627","best antivirus software windows","3460635","137579962","-1","Phrase",""
"1909257507","top virus protection","3460648","137580902","2","Phrase",""
"23659523","best virus protection","3460649","137580907","8.80000019073486","Exact",""
"1909244367","top virus protection","3460656","137581588","5.69999980926514","Exact",""
"12698501","virus protection","3352425","137582027","3","Exact",""
"17892252","virus protection","3404138","137582093","3.20000004768372","Phrase",""
"22632514500","eset cyber security","3460668","137582145","1","Exact",""
"23486423580","eset cybersecurity for mac","3460668","137582147","1","Exact",""
"43814642443","eset cybersecurity pro","3460669","137582154","1","Exact",""
"5889791050","eset for mac","3460670","137582162","1","Exact",""
"6245332862","nod32 promo code","3460672","137582185","-1","Exact",""
"4956865335","eset discount","3460673","137582200","1","Exact",""
"6245333222","eset discount code","3460673","137582202","-1","Exact",""
"7650080020","eset coupon","3460673","137582203","1","Exact",""
