﻿"SiteID","SiteName"
"179","CNET US"
"235","eBay US"
"323","Tribal Fusion US"
"528","UBM Media (formally CMP Media)"
"699","Entrepreneur US"
"799","Dennis Publishing UK"
"1213","Wall Street Journal US (WSJ)"
"1630","Penton Media"
"2342","Vibrantmedia UK"
"2966","The Register UK"
"3055","Incisive Media UK"
"3095","NetworkWorld"
"3394","CSO.com"
"3951","NetCommunities UK"
"5996","CBS Digital Media"
"7736","SC Magazine"
"9045","Linkedin US"
"10455","Vibrant Media US"
"10623","PCMag.com"
"11166","ZDNet US"
"11192","CMP-WEKA DE"
"11729","Technology Review"
"12038","FierceMarkets"
"12281","InformationWeek US"
"12282","TechWeb US"
"12732","GENOME from Yahoo! US"
"13857","Komli"
"13897","ITweb Ltd ZA"
"14503","1105 Media Inc."
"15817","Twelvefold Media (FKA BuzzLogic)"
"15821","Tribal Fusion AU"
"15899","Elsevier US"
"17978","Bizo US"
"19013","Spiceworks US"
"20684","The Exchange Lab UK"
"23043","DataXu"
"23553","OwnerIQ"
"24111","Millennial Media Mobile US"
"26855","Government Executive"
"27396","Varick Media Management"
"27691","ChannelProSMB"
"28911","Inc.com"
"29513","eSchool News"
"29915","ISC2.org"
"30056","Tech Media Network"
"30718","SocialTyze.com"
"31531","Akamai"
"33139","ISMG Corp (Info Security Media Group)"
"34963","CBS Interactive SG"
"34965","CBS Interactive AU"
"35215","ISACA.org"
"35398","AllThingsD.com"
"35478","Jameson Publishing"
"36058","ZDNet UK"
"36088","SourceForge"
"37026","Virtualization Review"
"38654","IDG TechNetwork"
"39098","AdRoll"
"39738","TechTarget UK"
"40772","EECatalog"
"41313","CBS Interactive UK"
"41879","Microscope"
"44610","Rocket Fuel"
"45919","The Exchange Lab US"
"46213","Network World"
"48775","Tech Target"
"49183","It Pro UK"
"49254","TechTarget"
"49634","Ziff-Davis"
"50591","DataXu EMEA"
"60553","Chango.com"
"66604","Cyber Defense Magazine"
"69720","inPowered  Inc"
"71409","Fierce Markets"
"72254","BuyerBase"
"76784","Dark Reading"
"77075","Gatepoint Research"
"77180","Demandbase"
"77916","Dun and Bradstreet"
"82461","MessagingNews.com"
"82535","Help Net Security"
